Date2,Date3,Date1,Date,Close/Last,Volume,Open,High,Low
01-02-2018,02-01-2018,01-02-2018,2018/01/02,60.37,493673,60.2,60.74,60.1
01-03-2018,03-01-2018,01-03-2018,2018/01/03,61.63,659380,60.39,61.97,60.28
01-04-2018,04-01-2018,01-04-2018,2018/01/04,62.01,636530,61.96,62.21,61.59
01-05-2018,05-01-2018,01-05-2018,2018/01/05,61.44,546178,61.9,62.04,61.09
01-08-2018,08-01-2018,01-08-2018,2018/01/08,61.73,569682,61.61,61.97,61.34
01-09-2018,09-01-2018,01-09-2018,2018/01/09,62.96,802667,61.92,63.48,61.8
01-10-2018,10-01-2018,01-10-2018,2018/01/10,63.57,660128,63.41,63.67,63.09
01-11-2018,11-01-2018,01-11-2018,2018/01/11,63.8,831247,63.5,64.77,63.43
01-12-2018,12-01-2018,01-12-2018,2018/01/12,64.3,17427,64.43,64.45,64.18
01/16/2018,16-01-2018,01/16/2018,2018/01/16,63.73,841948,64.8,64.89,63.39
01/17/2018,17-01-2018,01/17/2018,2018/01/17,63.97,427119,63.89,64.17,63.31
01/18/2018,18-01-2018,01/18/2018,2018/01/18,63.95,185978,64.07,64.35,63.47
01/19/2018,19-01-2018,01/19/2018,2018/01/19,63.37,95546,63.74,63.77,62.85
01/22/2018,22-01-2018,01/22/2018,2018/01/22,63.49,29710,63.61,64.14,63.17
01/23/2018,23-01-2018,01/23/2018,2018/01/23,64.47,646028,63.88,64.88,63.7
01/24/2018,24-01-2018,01/24/2018,2018/01/24,65.61,868414,64.42,66.05,64.34
01/25/2018,25-01-2018,01/25/2018,2018/01/25,65.51,751913,65.88,66.66,65.08
01/26/2018,26-01-2018,01/26/2018,2018/01/26,66.14,664321,65.25,66.35,64.91
01/29/2018,29-01-2018,01/29/2018,2018/01/29,65.56,640550,66.18,66.46,64.98
01/30/2018,30-01-2018,01/30/2018,2018/01/30,64.5,669430,65.53,65.56,63.89
01/31/2018,31-01-2018,01/31/2018,2018/01/31,64.73,594354,64.03,64.94,63.67
02-01-2018,01-02-2018,02-01-2018,2018/02/01,65.8,668623,64.76,66.25,64.63
02-02-2018,02-02-2018,02-02-2018,2018/02/02,65.45,836409,65.99,66.3,64.47
02-05-2018,05-02-2018,02-05-2018,2018/02/05,64.15,872742,65.1,65.4,63.42
02-06-2018,06-02-2018,02-06-2018,2018/02/06,63.39,773274,63.43,64.29,63.12
02-07-2018,07-02-2018,02-07-2018,2018/02/07,61.79,975908,63.92,64.18,61.25
02-08-2018,08-02-2018,02-08-2018,2018/02/08,61.15,882388,61.7,62.09,60.27
02-09-2018,09-02-2018,02-09-2018,2018/02/09,59.2,878528,60.43,60.77,58.07
02-12-2018,12-02-2018,02-12-2018,2018/02/12,59.29,699404,59.12,60.83,59.1
02/13/2018,13-02-2018,02/13/2018,2018/02/13,59.19,552427,59.35,59.73,58.39
02/14/2018,14-02-2018,02/14/2018,2018/02/14,60.6,626751,58.98,60.9,58.2
02/15/2018,15-02-2018,02/15/2018,2018/02/15,61.34,316242,60.71,61.64,59.72
02/16/2018,16-02-2018,02/16/2018,2018/02/16,61.68,3363,61.63,62.52,61.63
02/20/2018,20-02-2018,02/20/2018,2018/02/20,61.9,40936,62.5,62.74,61.58
02/21/2018,21-02-2018,02/21/2018,2018/02/21,61.68,458438,61.63,61.86,60.92
02/22/2018,22-02-2018,02/22/2018,2018/02/22,62.77,579428,61.34,63.09,60.75
02/23/2018,23-02-2018,02/23/2018,2018/02/23,63.55,447649,62.6,63.73,62.33
02/26/2018,26-02-2018,02/26/2018,2018/02/26,63.91,459462,63.6,64.24,63.06
02/27/2018,27-02-2018,02/27/2018,2018/02/27,63.01,549537,64.06,64.08,62.64
02/28/2018,28-02-2018,02/28/2018,2018/02/28,61.64,747504,62.79,63.44,61.36
03-01-2018,01-03-2018,03-01-2018,2018/03/01,60.99,798419,61.55,61.83,60.18
03-02-2018,02-03-2018,03-02-2018,2018/03/02,61.25,598959,61.34,61.6,60.13
03-05-2018,05-03-2018,03-05-2018,2018/03/05,62.57,587885,61.55,62.79,61.1
03-06-2018,06-03-2018,03-06-2018,2018/03/06,62.6,609507,62.58,63.28,62.17
03-07-2018,07-03-2018,03-07-2018,2018/03/07,61.15,841910,62.3,62.58,60.58
03-08-2018,08-03-2018,03-08-2018,2018/03/08,60.12,682133,61.33,61.4,59.95
03-09-2018,09-03-2018,03-09-2018,2018/03/09,62.04,622050,60.27,62.18,60.14
03-12-2018,12-03-2018,03-12-2018,2018/03/12,61.36,514573,62.1,62.33,60.67
03/13/2018,13-03-2018,03/13/2018,2018/03/13,60.71,715240,61.37,61.97,60.27
03/14/2018,14-03-2018,03/14/2018,2018/03/14,60.96,644826,60.87,61.33,60.11
03/15/2018,15-03-2018,03/15/2018,2018/03/15,61.19,410630,60.95,61.54,60.82
03/16/2018,16-03-2018,03/16/2018,2018/03/16,62.34,183779,61.19,62.54,61.08
03/19/2018,19-03-2018,03/19/2018,2018/03/19,62.06,82779,62.23,62.35,61.36
03/20/2018,20-03-2018,03/20/2018,2018/03/20,63.4,26171,62.1,63.81,62.08
03/21/2018,21-03-2018,03/21/2018,2018/03/21,65.17,743982,63.72,65.55,63.58
03/22/2018,22-03-2018,03/22/2018,2018/03/22,64.3,670939,65.5,65.74,64.14
03/23/2018,23-03-2018,03/23/2018,2018/03/23,65.88,729028,64.28,66,64.11
03/26/2018,26-03-2018,03/26/2018,2018/03/26,65.55,570680,65.9,66.55,65.08
03/27/2018,27-03-2018,03/27/2018,2018/03/27,65.25,654651,65.53,66.41,64.53
03/28/2018,28-03-2018,03/28/2018,2018/03/28,64.38,678843,64.7,65.13,63.72
03/29/2018,29-03-2018,03/29/2018,2018/03/29,64.94,535282,64.69,65.26,64.16
04-02-2018,02-04-2018,04-02-2018,2018/04/02,63.01,567607,64.91,65.42,62.8
04-03-2018,03-04-2018,04-03-2018,2018/04/03,63.51,508537,62.89,63.86,62.86
04-04-2018,04-04-2018,04-04-2018,2018/04/04,63.37,744010,63.59,63.64,62.06
04-05-2018,05-04-2018,04-05-2018,2018/04/05,63.54,575864,63.6,64.12,63.07
04-06-2018,06-04-2018,04-06-2018,2018/04/06,62.06,702077,63.7,63.79,61.81
04-09-2018,09-04-2018,04-09-2018,2018/04/09,63.42,616253,62,63.61,61.93
04-10-2018,10-04-2018,04-10-2018,2018/04/10,65.51,795630,63.3,65.86,63.2
04-11-2018,11-04-2018,04-11-2018,2018/04/11,66.82,923815,65.59,67.45,65.15
04-12-2018,12-04-2018,04-12-2018,2018/04/12,67.07,657000,66.75,67.33,66
04/13/2018,13-04-2018,04/13/2018,2018/04/13,67.39,605619,67.18,67.76,66.7
04/16/2018,16-04-2018,04/16/2018,2018/04/16,66.22,543828,67.24,67.74,66.13
04/17/2018,17-04-2018,04/17/2018,2018/04/17,66.52,472785,66.42,66.75,65.56
04/18/2018,18-04-2018,04/18/2018,2018/04/18,68.47,207210,66.68,68.91,66.56
04/19/2018,19-04-2018,04/19/2018,2018/04/19,68.29,89450,68.75,69.56,67.98
04/20/2018,20-04-2018,04/20/2018,2018/04/20,68.4,22739,68.26,68.62,67.5
04/23/2018,23-04-2018,04/23/2018,2018/04/23,68.64,712872,68.22,69.03,67.14
04/24/2018,24-04-2018,04/24/2018,2018/04/24,67.7,813881,68.95,69.38,67.54
04/25/2018,25-04-2018,04/25/2018,2018/04/25,68.05,751427,67.75,68.18,67.11
04/26/2018,26-04-2018,04/26/2018,2018/04/26,68.19,648550,68.03,68.78,67.71
04/27/2018,27-04-2018,04/27/2018,2018/04/27,68.1,521752,68.21,68.36,67.64
04/30/2018,30-04-2018,04/30/2018,2018/04/30,68.57,736814,68.15,69.34,67.17
05-01-2018,01-05-2018,05-01-2018,2018/05/01,67.25,677812,68.56,68.9,66.85
05-02-2018,02-05-2018,05-02-2018,2018/05/02,67.93,775070,67.49,68.14,66.92
05-03-2018,03-05-2018,05-03-2018,2018/05/03,68.43,680114,67.68,68.6,67.21
05-04-2018,04-05-2018,05-04-2018,2018/05/04,69.72,673336,68.5,69.97,68.12
05-07-2018,07-05-2018,05-07-2018,2018/05/07,70.73,729572,69.85,70.84,69.51
05-08-2018,08-05-2018,05-08-2018,2018/05/08,69.06,1216818,70.03,70.4,67.63
05-09-2018,09-05-2018,05-09-2018,2018/05/09,71.14,824627,70.05,71.36,69.85
05-10-2018,10-05-2018,05-10-2018,2018/05/10,71.36,722160,71.23,71.89,70.56
05-11-2018,11-05-2018,05-11-2018,2018/05/11,70.7,604420,71.45,71.63,70.45
05/14/2018,14-05-2018,05/14/2018,2018/05/14,70.96,568001,70.54,71.26,70.26
05/15/2018,15-05-2018,05/15/2018,2018/05/15,71.31,784348,71.15,71.92,70.42
05/16/2018,16-05-2018,05/16/2018,2018/05/16,71.49,554941,71.02,71.59,70.66
05/17/2018,17-05-2018,05/17/2018,2018/05/17,71.49,541055,71.56,72.3,71.09
05/18/2018,18-05-2018,05/18/2018,2018/05/18,71.28,195178,71.6,71.75,70.99
05/21/2018,21-05-2018,05/21/2018,2018/05/21,72.24,79058,71.47,72.59,71.25
05/22/2018,22-05-2018,05/22/2018,2018/05/22,72.2,711647,72.62,72.9,71.82
05/23/2018,23-05-2018,05/23/2018,2018/05/23,71.84,693148,72.11,72.26,71.19
05/24/2018,24-05-2018,05/24/2018,2018/05/24,70.71,628397,71.83,72,70.52
05/25/2018,25-05-2018,05/25/2018,2018/05/25,67.88,318852,67.55,67.55,65.8
05/29/2018,29-05-2018,05/29/2018,2018/05/29,66.73,1039530,66.49,67.55,65.8
05/30/2018,30-05-2018,05/30/2018,2018/05/30,68.21,706987,66.85,68.67,66.35
05/31/2018,31-05-2018,05/31/2018,2018/05/31,67.04,898238,68.24,68.3,66.56
06-01-2018,01-06-2018,06-01-2018,2018/06/01,65.81,761738,67.07,67.34,65.51
06-04-2018,04-06-2018,06-04-2018,2018/06/04,64.75,673684,65.71,66.04,64.57
06-05-2018,05-06-2018,06-05-2018,2018/06/05,65.52,698157,64.94,65.57,64.22
06-06-2018,06-06-2018,06-06-2018,2018/06/06,64.73,684475,65.51,65.96,64.27
06-07-2018,07-06-2018,06-07-2018,2018/06/07,65.95,636315,65.07,66.07,64.81
06-08-2018,08-06-2018,06-08-2018,2018/06/08,65.74,533171,65.98,66.24,65.15
06-11-2018,11-06-2018,06-11-2018,2018/06/11,66.1,523055,65.56,66.35,64.85
06-12-2018,12-06-2018,06-12-2018,2018/06/12,66.36,491800,66.05,66.7,65.87
06/13/2018,13-06-2018,06/13/2018,2018/06/13,66.64,581934,66.01,66.89,65.52
06/14/2018,14-06-2018,06/14/2018,2018/06/14,66.89,438091,66.62,67.16,66.36
06/15/2018,15-06-2018,06/15/2018,2018/06/15,65.06,477500,67,67.09,64.29
06/18/2018,18-06-2018,06/18/2018,2018/06/18,65.85,202765,64.4,65.98,63.59
06/19/2018,19-06-2018,06/19/2018,2018/06/19,65.07,89717,65.82,65.9,64.39
06/20/2018,20-06-2018,06/20/2018,2018/06/20,66.22,23659,65.11,66.53,65.01
06/21/2018,21-06-2018,06/21/2018,2018/06/21,65.54,746002,65.34,66.22,64.34
06/22/2018,22-06-2018,06/22/2018,2018/06/22,68.58,1110632,65.93,69.38,65.71
06/25/2018,25-06-2018,06/25/2018,2018/06/25,68.08,803539,68.75,69.44,67.78
06/26/2018,26-06-2018,06/26/2018,2018/06/26,70.53,830608,68.21,70.91,67.72
06/27/2018,27-06-2018,06/27/2018,2018/06/27,72.76,753845,70.68,73.06,70.56
06/28/2018,28-06-2018,06/28/2018,2018/06/28,73.45,695499,72.27,74.03,72.2
06/29/2018,29-06-2018,06/29/2018,2018/06/29,74.15,583319,73.33,74.46,72.93
07-02-2018,02-07-2018,07-02-2018,2018/07/02,73.94,634439,73.62,74.35,72.51
07-03-2018,03-07-2018,07-03-2018,2018/07/03,74.14,229260,74.23,74.9,73.5
07-05-2018,05-07-2018,07-05-2018,2018/07/05,72.94,825300,74.35,74.9,72.53
07-06-2018,06-07-2018,07-06-2018,2018/07/06,73.8,586470,73.16,74.01,72.14
07-09-2018,09-07-2018,07-09-2018,2018/07/09,73.85,503177,73.87,74.28,72.99
07-10-2018,10-07-2018,07-10-2018,2018/07/10,74.11,555311,74.04,74.7,73.65
07-11-2018,11-07-2018,07-11-2018,2018/07/11,70.38,824269,74.2,74.26,70.02
07-12-2018,12-07-2018,07-12-2018,2018/07/12,70.33,689519,70.6,71.24,69.23
07/13/2018,13-07-2018,07/13/2018,2018/07/13,71.01,509080,70.38,71.66,69.84
07/16/2018,16-07-2018,07/16/2018,2018/07/16,68.06,509747,70.52,70.87,67.58
07/17/2018,17-07-2018,07/17/2018,2018/07/17,68.08,412805,68.03,68.44,67.03
07/18/2018,18-07-2018,07/18/2018,2018/07/18,68.76,170028,67.61,69.06,67.04
07/19/2018,19-07-2018,07/19/2018,2018/07/19,69.46,68501,69,70.17,67.8
07/20/2018,20-07-2018,07/20/2018,2018/07/20,68.26,17771,69.39,71.1,69.37
07/23/2018,23-07-2018,07/23/2018,2018/07/23,67.89,540467,68.17,69.31,67.6
07/24/2018,24-07-2018,07/24/2018,2018/07/24,68.52,510486,67.8,69.05,67.56
07/25/2018,25-07-2018,07/25/2018,2018/07/25,69.3,609263,68.77,69.7,68.2
07/26/2018,26-07-2018,07/26/2018,2018/07/26,69.61,474198,69.38,69.92,68.92
07/27/2018,27-07-2018,07/27/2018,2018/07/27,68.69,443476,69.58,69.77,68.26
07/30/2018,30-07-2018,07/30/2018,2018/07/30,70.13,447536,69.01,70.43,68.8
07/31/2018,31-07-2018,07/31/2018,2018/07/31,68.76,501303,70.05,70.22,67.98
08-01-2018,01-08-2018,08-01-2018,2018/08/01,67.66,560487,68.43,68.52,67.31
08-02-2018,02-08-2018,08-02-2018,2018/08/02,68.96,514822,67.86,69.36,66.92
08-03-2018,03-08-2018,08-03-2018,2018/08/03,68.49,459452,68.99,69.24,67.87
08-06-2018,06-08-2018,08-06-2018,2018/08/06,69.01,480118,68.65,69.92,68.5
08-07-2018,07-08-2018,08-07-2018,2018/08/07,69.17,449468,68.9,69.83,68.81
08-08-2018,08-08-2018,08-08-2018,2018/08/08,66.94,718912,69.09,69.37,66.32
08-09-2018,09-08-2018,08-09-2018,2018/08/09,66.81,474665,66.79,67.41,66.49
08-10-2018,10-08-2018,08-10-2018,2018/08/10,67.63,488222,66.74,67.87,66.14
08/13/2018,13-08-2018,08/13/2018,2018/08/13,67.2,552021,67.78,67.95,65.71
08/14/2018,14-08-2018,08/14/2018,2018/08/14,67.04,520586,67.42,68.37,66.58
08/15/2018,15-08-2018,08/15/2018,2018/08/15,65.01,552757,66.62,66.9,64.51
08/16/2018,16-08-2018,08/16/2018,2018/08/16,65.46,363173,64.95,65.52,64.43
08/17/2018,17-08-2018,08/17/2018,2018/08/17,65.91,152081,65.47,66.39,65.3
08/20/2018,20-08-2018,08/20/2018,2018/08/20,66.43,77015,65.91,66.68,65.59
08/21/2018,21-08-2018,08/21/2018,2018/08/21,67.35,19352,66.62,68.1,66.52
08/22/2018,22-08-2018,08/22/2018,2018/08/22,67.86,562307,66.08,68.15,65.98
08/23/2018,23-08-2018,08/23/2018,2018/08/23,67.83,437663,68.07,68.12,67.32
08/24/2018,24-08-2018,08/24/2018,2018/08/24,68.72,501568,67.9,69.31,67.78
08/27/2018,27-08-2018,08/27/2018,2018/08/27,68.87,321269,68.57,68.97,68.34
08/28/2018,28-08-2018,08/28/2018,2018/08/28,68.53,416195,68.93,69.2,68.21
08/29/2018,29-08-2018,08/29/2018,2018/08/29,69.51,483736,68.54,69.76,68.37
08/30/2018,30-08-2018,08/30/2018,2018/08/30,70.25,425788,69.71,70.5,69.55
08/31/2018,31-08-2018,08/31/2018,2018/08/31,69.8,143477,69.89,70.21,69.53
09-04-2018,04-09-2018,09-04-2018,2018/09/04,69.87,771579,70.12,71.4,69.08
09-05-2018,05-09-2018,09-05-2018,2018/09/05,68.72,520989,69.43,69.59,68.56
09-06-2018,06-09-2018,09-06-2018,2018/09/06,67.77,611679,68.64,69.02,67
09-07-2018,07-09-2018,09-07-2018,2018/09/07,67.75,505215,67.88,68.08,66.86
09-10-2018,10-09-2018,09-10-2018,2018/09/10,67.54,536478,67.82,68.52,67.33
09-11-2018,11-09-2018,09-11-2018,2018/09/11,69.25,647422,67.53,70.01,67.48
09-12-2018,12-09-2018,09-12-2018,2018/09/12,70.37,777757,69.89,71.26,69.5
09/13/2018,13-09-2018,09/13/2018,2018/09/13,68.59,652211,70.24,70.28,68.35
09/14/2018,14-09-2018,09/14/2018,2018/09/14,68.99,577155,68.79,69.91,67.94
09/17/2018,17-09-2018,09/17/2018,2018/09/17,68.91,403529,68.93,69.72,68.53
09/18/2018,18-09-2018,09/18/2018,2018/09/18,69.85,214023,68.8,70.42,68.53
09/19/2018,19-09-2018,09/19/2018,2018/09/19,71.12,92303,69.71,71.5,69.65
09/20/2018,20-09-2018,09/20/2018,2018/09/20,70.8,20406,71.39,71.81,70.73
09/21/2018,21-09-2018,09/21/2018,2018/09/21,70.78,836559,70.2,71.8,69.98
09/24/2018,24-09-2018,09/24/2018,2018/09/24,72.08,555155,71.14,72.74,71.14
09/25/2018,25-09-2018,09/25/2018,2018/09/25,72.28,531833,72.25,72.78,71.89
09/26/2018,26-09-2018,09/26/2018,2018/09/26,71.57,448076,72.09,72.38,71.47
09/27/2018,27-09-2018,09/27/2018,2018/09/27,72.12,437272,72.01,72.6,71.71
09/28/2018,28-09-2018,09/28/2018,2018/09/28,73.25,522640,72.18,73.73,71.88
10-01-2018,01-10-2018,10-01-2018,2018/10/01,75.3,583388,73.29,75.77,72.95
10-02-2018,02-10-2018,10-02-2018,2018/10/02,75.23,448368,75.42,75.91,74.93
10-03-2018,03-10-2018,10-03-2018,2018/10/03,76.41,682891,75.12,76.9,74.3
10-04-2018,04-10-2018,10-04-2018,2018/10/04,74.33,667687,76.18,76.47,73.88
10-05-2018,05-10-2018,10-05-2018,2018/10/05,74.34,585282,74.67,75.22,73.83
10-08-2018,08-10-2018,10-08-2018,2018/10/08,74.29,525086,74.4,74.58,73.07
10-09-2018,09-10-2018,10-09-2018,2018/10/09,74.96,596153,74.21,75.28,74
10-10-2018,10-10-2018,10-10-2018,2018/10/10,73.17,621486,74.66,75.08,72.38
10-11-2018,11-10-2018,10-11-2018,2018/10/11,70.97,747249,72.68,72.76,70.51
10-12-2018,12-10-2018,10-12-2018,2018/10/12,71.34,613269,70.99,72.01,70.64
10/15/2018,15-10-2018,10/15/2018,2018/10/15,71.78,550494,71.85,72.7,70.85
10/16/2018,16-10-2018,10/16/2018,2018/10/16,71.92,513070,71.72,72.29,71.02
10/17/2018,17-10-2018,10/17/2018,2018/10/17,69.75,630978,72.17,72.43,69.43
10/18/2018,18-10-2018,10/18/2018,2018/10/18,68.65,199036,70.03,70.03,68.47
10/19/2018,19-10-2018,10/19/2018,2018/10/19,69.12,70005,68.68,69.77,68.56
10/22/2018,22-10-2018,10/22/2018,2018/10/22,69.17,16209,69.41,69.65,68.27
10/23/2018,23-10-2018,10/23/2018,2018/10/23,66.43,827457,69.55,69.66,65.74
10/24/2018,24-10-2018,10/24/2018,2018/10/24,66.82,751582,66.17,67.72,66.05
10/25/2018,25-10-2018,10/25/2018,2018/10/25,67.33,553482,66.36,67.65,65.99
10/26/2018,26-10-2018,10/26/2018,2018/10/26,67.59,581894,66.95,67.88,66.2
10/29/2018,29-10-2018,10/29/2018,2018/10/29,67.04,463531,67.55,67.95,66.29
10/30/2018,30-10-2018,10/30/2018,2018/10/30,66.18,657444,66.68,67.26,65.33
10/31/2018,31-10-2018,10/31/2018,2018/10/31,65.31,647230,66.32,67,64.81
11-01-2018,01-11-2018,11-01-2018,2018/11/01,63.69,770628,64.88,65.39,63.11
11-02-2018,02-11-2018,11-02-2018,2018/11/02,63.14,682928,63.5,63.95,62.63
11-05-2018,05-11-2018,11-05-2018,2018/11/05,63.1,583392,62.99,64.14,62.52
11-06-2018,06-11-2018,11-06-2018,2018/11/06,62.21,735088,62.7,63.32,61.31
11-07-2018,07-11-2018,11-07-2018,2018/11/07,61.67,831806,61.74,63.18,61.2
11-08-2018,08-11-2018,11-08-2018,2018/11/08,60.67,720850,61.64,62.42,60.4
11-09-2018,09-11-2018,11-09-2018,2018/11/09,60.19,790525,60.75,60.79,59.26
11-12-2018,12-11-2018,11-12-2018,2018/11/12,59.93,760276,60.7,61.28,58.68
11/13/2018,13-11-2018,11/13/2018,2018/11/13,55.69,1055720,58.88,59.35,54.75
11/14/2018,14-11-2018,11/14/2018,2018/11/14,56.25,802420,55.27,57.37,55.13
11/15/2018,15-11-2018,11/15/2018,2018/11/15,56.46,229899,56.02,57.26,55.59
11/16/2018,16-11-2018,11/16/2018,2018/11/16,56.46,106913,56.58,57.96,55.89
11/19/2018,19-11-2018,11/19/2018,2018/11/19,56.76,24168,56.72,57.33,55.08
11/20/2018,20-11-2018,11/20/2018,2018/11/20,53.43,962490,57.39,57.44,52.77
11/21/2018,21-11-2018,11/21/2018,2018/11/21,54.63,268080,54.66,54.82,53.52
11/23/2018,23-11-2018,11/23/2018,2018/11/23,50.42,990480,53.87,54.82,50.15
11/26/2018,26-11-2018,11/26/2018,2018/11/26,51.63,635223,50.62,52.25,50.1
11/27/2018,27-11-2018,11/27/2018,2018/11/27,51.56,744480,51.54,52.38,50.3
11/28/2018,28-11-2018,11/28/2018,2018/11/28,50.29,810458,52.09,52.56,50.06
11/29/2018,29-11-2018,11/29/2018,2018/11/29,51.45,792208,50.31,52.2,49.41
11/30/2018,30-11-2018,11/30/2018,2018/11/30,50.93,774181,51.27,51.79,49.65
12-03-2018,03-12-2018,12-03-2018,2018/12/03,52.95,735689,52.45,53.85,52.03
12-04-2018,04-12-2018,12-04-2018,2018/12/04,53.25,718189,53.13,54.55,52.43
12-05-2018,05-12-2018,12-05-2018,2018/12/05,52.89,609171,52.59,54.44,52.16
12-06-2018,06-12-2018,12-06-2018,2018/12/06,51.49,954346,52.93,53.3,50.08
12-07-2018,07-12-2018,12-07-2018,2018/12/07,52.61,942216,51.76,54.22,50.6
12-10-2018,10-12-2018,12-10-2018,2018/12/10,51,691416,52.03,52.81,50.53
12-11-2018,11-12-2018,12-11-2018,2018/12/11,51.65,628303,50.89,52.43,50.7
12-12-2018,12-12-2018,12-12-2018,2018/12/12,51.15,689410,51.95,52.88,50.94
12/13/2018,13-12-2018,12/13/2018,2018/12/13,52.58,695086,51.2,53.27,50.35
12/14/2018,14-12-2018,12/14/2018,2018/12/14,51.2,507143,52.83,52.95,50.84
12/17/2018,17-12-2018,12/17/2018,2018/12/17,49.88,190278,51.25,51.87,49.01
12/18/2018,18-12-2018,12/18/2018,2018/12/18,46.24,80916,49.16,49.59,45.79
12/19/2018,19-12-2018,12/19/2018,2018/12/19,47.2,24967,45.93,48,45.93
12/20/2018,20-12-2018,12/20/2018,2018/12/20,45.88,768371,47.39,47.51,45.67
12/21/2018,21-12-2018,12/21/2018,2018/12/21,45.59,671666,46.25,46.77,45.13
12/24/2018,24-12-2018,12/24/2018,2018/12/24,42.53,399753,45.45,46.24,42.36
12/26/2018,26-12-2018,12/26/2018,2018/12/26,46.22,675244,42.85,47,42.52
12/27/2018,27-12-2018,12/27/2018,2018/12/27,44.61,644307,46.58,46.7,44.37
12/28/2018,28-12-2018,12/28/2018,2018/12/28,45.33,545343,45.44,46.22,44.42
12/31/2018,31-12-2018,12/31/2018,2018/12/31,45.41,460064,45.22,46.53,44.73
01-02-2019,02-01-2019,01-02-2019,2019/01/02,46.54,830833,45.8,47.78,44.35
01-03-2019,03-01-2019,01-03-2019,2019/01/03,47.09,770128,46.26,47.49,45.35
01-04-2019,04-01-2019,01-04-2019,2019/01/04,47.96,796007,46.9,49.22,46.65
01-07-2019,07-01-2019,01-07-2019,2019/01/07,48.52,801346,48.3,49.79,48.11
01-08-2019,08-01-2019,01-08-2019,2019/01/08,49.78,726571,48.73,49.95,48.31
01-09-2019,09-01-2019,01-09-2019,2019/01/09,52.36,848871,49.8,52.58,49.71
01-10-2019,10-01-2019,01-10-2019,2019/01/10,52.59,786678,52.18,52.78,51.37
01-11-2019,11-01-2019,01-11-2019,2019/01/11,51.59,775871,52.28,53.31,51.18
01/14/2019,14-01-2019,01/14/2019,2019/01/14,50.51,759245,51.73,52.11,50.38
01/15/2019,15-01-2019,01/15/2019,2019/01/15,52.11,643556,50.78,52.3,50.64
01/16/2019,16-01-2019,01/16/2019,2019/01/16,52.31,673870,52,52.52,51.26
01/17/2019,17-01-2019,01/17/2019,2019/01/17,52.07,275863,52.3,52.58,50.98
01/18/2019,18-01-2019,01/18/2019,2019/01/18,53.8,18766,53.73,54.24,53.33
01/22/2019,22-01-2019,01/22/2019,2019/01/22,52.57,39659,53.73,54.24,51.8
01/23/2019,23-01-2019,01/23/2019,2019/01/23,52.62,685045,52.95,53.64,51.86
01/24/2019,24-01-2019,01/24/2019,2019/01/24,53.13,696818,52.45,53.47,52.07
01/25/2019,25-01-2019,01/25/2019,2019/01/25,53.69,572353,53.17,53.94,52.91
01/28/2019,28-01-2019,01/28/2019,2019/01/28,51.99,628977,53.56,53.64,51.33
01/29/2019,29-01-2019,01/29/2019,2019/01/29,53.31,645552,52.12,53.93,51.84
01/30/2019,30-01-2019,01/30/2019,2019/01/30,54.23,706492,53.24,54.93,53.09
01/31/2019,31-01-2019,01/31/2019,2019/01/31,53.79,701425,54.28,55.37,53.62
02-01-2019,01-02-2019,02-01-2019,2019/02/01,55.26,659331,54.01,55.66,53.37
02-04-2019,04-02-2019,02-04-2019,2019/02/04,54.56,605312,55.32,55.75,53.29
02-05-2019,05-02-2019,02-05-2019,2019/02/05,53.66,595322,54.86,55.21,53.47
02-06-2019,06-02-2019,02-06-2019,2019/02/06,54.01,582563,53.73,54.3,52.86
02-07-2019,07-02-2019,02-07-2019,2019/02/07,52.64,702996,53.94,54.21,51.8
02-08-2019,08-02-2019,02-08-2019,2019/02/08,52.72,581235,52.59,52.99,52.08
02-11-2019,11-02-2019,02-11-2019,2019/02/11,52.41,706196,52.66,52.78,51.23
02-12-2019,12-02-2019,02-12-2019,2019/02/12,53.1,666903,52.47,54.05,52.29
02/13/2019,13-02-2019,02/13/2019,2019/02/13,53.9,672534,53.35,54.6,53.27
02/14/2019,14-02-2019,02/14/2019,2019/02/14,54.41,599822,53.96,54.68,53.08
02/15/2019,15-02-2019,02/15/2019,2019/02/15,55.59,47155,55.78,56.33,55.72
02/19/2019,19-02-2019,02/19/2019,2019/02/19,56.09,119931,56.06,56.33,55.29
02/20/2019,20-02-2019,02/20/2019,2019/02/20,56.92,23631,55.94,57.55,55.48
02/21/2019,21-02-2019,02/21/2019,2019/02/21,56.96,532562,57.24,57.61,56.64
02/22/2019,22-02-2019,02/22/2019,2019/02/22,57.26,494569,56.84,57.81,56.71
02/25/2019,25-02-2019,02/25/2019,2019/02/25,55.48,703837,57.17,57.53,55.08
02/26/2019,26-02-2019,02/26/2019,2019/02/26,55.5,528757,55.46,56.08,55.02
02/27/2019,27-02-2019,02/27/2019,2019/02/27,56.94,558995,55.95,57.39,55.72
02/28/2019,28-02-2019,02/28/2019,2019/02/28,57.22,485958,57,57.43,56.43
03-01-2019,01-03-2019,03-01-2019,2019/03/01,55.8,663429,57.22,57.88,55.57
03-04-2019,04-03-2019,03-04-2019,2019/03/04,56.59,531124,55.83,57,55.81
03-05-2019,05-03-2019,03-05-2019,2019/03/05,56.56,525368,56.45,57.19,56.09
03-06-2019,06-03-2019,03-06-2019,2019/03/06,56.22,618141,56.28,56.4,55.42
03-07-2019,07-03-2019,03-07-2019,2019/03/07,56.66,594177,56.2,56.99,56.08
03-08-2019,08-03-2019,03-08-2019,2019/03/08,56.07,713327,56.43,56.51,54.52
03-11-2019,11-03-2019,03-11-2019,2019/03/11,56.79,564424,56.07,57.01,55.96
03-12-2019,12-03-2019,03-12-2019,2019/03/12,56.87,631109,56.76,57.55,56.74
03/13/2019,13-03-2019,03/13/2019,2019/03/13,58.26,575441,57.09,58.48,57.01
03/14/2019,14-03-2019,03/14/2019,2019/03/14,58.61,545052,58.35,58.74,58
03/15/2019,15-03-2019,03/15/2019,2019/03/15,58.52,490637,58.51,58.95,57.74
03/18/2019,18-03-2019,03/18/2019,2019/03/18,59.09,145125,58.45,59.23,58.05
03/19/2019,19-03-2019,03/19/2019,2019/03/19,59.03,82220,59.01,59.57,58.62
03/20/2019,20-03-2019,03/20/2019,2019/03/20,60.23,773212,59.29,60.28,58.56
03/21/2019,21-03-2019,03/21/2019,2019/03/21,59.98,635543,59.99,60.39,59.66
03/22/2019,22-03-2019,03/22/2019,2019/03/22,59.04,718182,59.87,60.07,58.28
03/25/2019,25-03-2019,03/25/2019,2019/03/25,58.82,688637,58.98,59.35,58.17
03/26/2019,26-03-2019,03/26/2019,2019/03/26,59.94,665326,59.12,60.38,59.04
03/27/2019,27-03-2019,03/27/2019,2019/03/27,59.41,715284,60.03,60.22,58.81
03/28/2019,28-03-2019,03/28/2019,2019/03/28,59.3,696292,59.4,59.56,58.2
03/29/2019,29-03-2019,03/29/2019,2019/03/29,60.14,675926,59.53,60.73,59.41
04-01-2019,01-04-2019,04-01-2019,2019/04/01,61.59,650838,60.24,61.8,60.13
04-02-2019,02-04-2019,04-02-2019,2019/04/02,62.58,773128,61.81,62.75,61.6
04-03-2019,03-04-2019,04-03-2019,2019/04/03,62.46,778810,62.64,62.99,62.05
04-04-2019,04-04-2019,04-04-2019,2019/04/04,62.1,669007,62.5,62.77,61.89
04-05-2019,05-04-2019,04-05-2019,2019/04/05,63.08,657438,62.18,63.34,61.82
04-08-2019,08-04-2019,04-08-2019,2019/04/08,64.4,858832,63.33,64.48,63.13
04-09-2019,09-04-2019,04-09-2019,2019/04/09,63.98,753429,64.4,64.79,63.68
04-10-2019,10-04-2019,04-10-2019,2019/04/10,64.61,682909,64.22,64.7,64.05
04-11-2019,11-04-2019,04-11-2019,2019/04/11,63.58,726314,64.48,64.49,63.31
04-12-2019,12-04-2019,04-12-2019,2019/04/12,63.89,611650,63.71,64.65,63.66
04/15/2019,15-04-2019,04/15/2019,2019/04/15,63.4,537492,63.76,63.84,63.03
04/16/2019,16-04-2019,04/16/2019,2019/04/16,64.05,531450,63.57,64.37,62.99
04/17/2019,17-04-2019,04/17/2019,2019/04/17,63.76,219257,64.32,64.61,63.66
04/18/2019,18-04-2019,04/18/2019,2019/04/18,64,114864,63.75,64.16,63.46
04/22/2019,22-04-2019,04/22/2019,2019/04/22,65.7,22417,64,65.92,64
04/23/2019,23-04-2019,04/23/2019,2019/04/23,66.3,683418,65.75,66.6,65.58
04/24/2019,24-04-2019,04/24/2019,2019/04/24,65.89,663654,66.17,66.43,65.66
04/25/2019,25-04-2019,04/25/2019,2019/04/25,65.21,589388,65.81,66.28,64.9
04/26/2019,26-04-2019,04/26/2019,2019/04/26,63.3,975317,65.13,65.18,62.28
04/29/2019,29-04-2019,04/29/2019,2019/04/29,63.5,632742,62.95,63.69,62.46
04/30/2019,30-04-2019,04/30/2019,2019/04/30,63.91,729321,63.58,64.75,63.3
05-01-2019,01-05-2019,05-01-2019,2019/05/01,63.6,660097,63.4,63.93,62.77
05-02-2019,02-05-2019,05-02-2019,2019/05/02,61.81,888385,63.61,63.68,60.95
05-03-2019,03-05-2019,05-03-2019,2019/05/03,61.94,628920,61.55,62.52,61.3
05-06-2019,06-05-2019,05-06-2019,2019/05/06,62.25,753071,61.43,62.95,60.04
05-07-2019,07-05-2019,05-07-2019,2019/05/07,61.4,809835,62.17,62.49,60.66
05-08-2019,08-05-2019,05-08-2019,2019/05/08,62.12,758927,61.44,62.37,61.07
05-09-2019,09-05-2019,05-09-2019,2019/05/09,61.7,740872,62.02,62.21,60.92
05-10-2019,10-05-2019,05-10-2019,2019/05/10,61.66,756944,61.64,62.49,61.42
05/13/2019,13-05-2019,05/13/2019,2019/05/13,61.04,966475,61.65,63.33,60.64
05/14/2019,14-05-2019,05/14/2019,2019/05/14,61.78,729875,60.86,62.11,60.69
05/15/2019,15-05-2019,05/15/2019,2019/05/15,62.02,698909,61.37,62.34,60.85
05/16/2019,16-05-2019,05/16/2019,2019/05/16,62.87,525262,62.12,63.48,62.08
05/17/2019,17-05-2019,05/17/2019,2019/05/17,62.76,193756,63.12,63.64,62.52
05/20/2019,20-05-2019,05/20/2019,2019/05/20,63.1,85611,62.93,63.81,62.45
05/21/2019,21-05-2019,05/21/2019,2019/05/21,62.99,20571,63.22,63.6,62.75
05/22/2019,22-05-2019,05/22/2019,2019/05/22,61.42,746245,62.95,63,61.03
05/23/2019,23-05-2019,05/23/2019,2019/05/23,57.91,1080278,61.31,61.41,57.33
05/24/2019,24-05-2019,05/24/2019,2019/05/24,58.63,257054,58.94,59.27,58.13
05/28/2019,28-05-2019,05/28/2019,2019/05/28,59.14,1000943,59.23,59.57,58.13
05/29/2019,29-05-2019,05/29/2019,2019/05/29,58.81,1097970,59.07,59.14,56.88
05/30/2019,30-05-2019,05/30/2019,2019/05/30,56.59,820325,59.12,59.7,56.33
05/31/2019,31-05-2019,05/31/2019,2019/05/31,53.5,995499,56.46,56.61,53.05
06-03-2019,03-06-2019,06-03-2019,2019/06/03,53.25,958962,53.42,54.63,52.11
06-04-2019,04-06-2019,06-04-2019,2019/06/04,53.48,805973,52.89,53.78,52.43
06-05-2019,05-06-2019,06-05-2019,2019/06/05,51.68,918268,52.86,53.41,50.6
06-06-2019,06-06-2019,06-06-2019,2019/06/06,52.59,763047,51.66,53.3,51.17
06-07-2019,07-06-2019,06-07-2019,2019/06/07,53.99,788177,53.1,54.32,52.62
06-10-2019,10-06-2019,06-10-2019,2019/06/10,53.26,650338,54.24,54.84,53.05
06-11-2019,11-06-2019,06-11-2019,2019/06/11,53.27,609096,53.43,54.04,52.91
06-12-2019,12-06-2019,06-12-2019,2019/06/12,51.14,751946,53.04,53.05,50.72
06/13/2019,13-06-2019,06/13/2019,2019/06/13,52.28,906394,51.07,53.45,50.92
06/14/2019,14-06-2019,06/14/2019,2019/06/14,52.51,551561,52.18,52.98,51.7
06/17/2019,17-06-2019,06/17/2019,2019/06/17,51.93,373628,52.5,52.74,51.58
06/18/2019,18-06-2019,06/18/2019,2019/06/18,53.9,160423,51.95,54.31,51.5
06/19/2019,19-06-2019,06/19/2019,2019/06/19,53.76,88202,54.09,54.42,53.28
06/20/2019,20-06-2019,06/20/2019,2019/06/20,56.65,19128,54.12,57.02,54.11
06/21/2019,21-06-2019,06/21/2019,2019/06/21,57.43,656043,57.26,57.98,56.66
06/24/2019,24-06-2019,06/24/2019,2019/06/24,57.9,580364,57.72,58.22,56.75
06/25/2019,25-06-2019,06/25/2019,2019/06/25,57.83,658266,57.74,58.84,57.2
06/26/2019,26-06-2019,06/26/2019,2019/06/26,59.38,664001,58.84,59.93,58.65
06/27/2019,27-06-2019,06/27/2019,2019/06/27,59.43,516845,59.27,59.73,58.61
06/28/2019,28-06-2019,06/28/2019,2019/06/28,58.47,530558,59.22,59.8,57.75
07-01-2019,01-07-2019,07-01-2019,2019/07/01,59.09,658177,59.27,60.28,58.34
07-02-2019,02-07-2019,07-02-2019,2019/07/02,56.25,859447,59.14,59.43,56.09
07-03-2019,03-07-2019,07-03-2019,2019/07/03,57.34,198678,57.38,57.57,56.47
07-05-2019,05-07-2019,07-05-2019,2019/07/05,57.51,681543,56.75,57.82,56.29
07-08-2019,08-07-2019,07-08-2019,2019/07/08,57.66,510184,57.77,58.46,57.3
07-09-2019,09-07-2019,07-09-2019,2019/07/09,57.83,518258,57.56,59.1,57.29
07-10-2019,10-07-2019,07-10-2019,2019/07/10,60.43,658286,58.4,60.53,58.35
07-11-2019,11-07-2019,07-11-2019,2019/07/11,60.2,544988,60.44,60.94,60.14
07-12-2019,12-07-2019,07-12-2019,2019/07/12,60.21,448113,60.46,60.74,59.93
07/15/2019,15-07-2019,07/15/2019,2019/07/15,59.58,544793,60.25,60.92,59.2
07/16/2019,16-07-2019,07/16/2019,2019/07/16,57.62,697080,59.26,60.06,57.07
07/17/2019,17-07-2019,07/17/2019,2019/07/17,56.78,488728,57.52,58.36,56.21
07/18/2019,18-07-2019,07/18/2019,2019/07/18,55.3,195257,56.6,57.32,54.72
07/19/2019,19-07-2019,07/19/2019,2019/07/19,55.63,72057,55.72,56.36,54.99
07/22/2019,22-07-2019,07/22/2019,2019/07/22,56.22,599949,56.2,57.04,55.83
07/23/2019,23-07-2019,07/23/2019,2019/07/23,56.77,508094,56.17,57.47,55.74
07/24/2019,24-07-2019,07/24/2019,2019/07/24,55.88,725189,57.23,57.64,55.33
07/25/2019,25-07-2019,07/25/2019,2019/07/25,56.02,546743,55.9,56.99,55.81
07/26/2019,26-07-2019,07/26/2019,2019/07/26,56.2,462109,55.93,56.57,55.68
07/29/2019,29-07-2019,07/29/2019,2019/07/29,56.87,516033,56.2,57.1,55.81
07/30/2019,30-07-2019,07/30/2019,2019/07/30,58.05,528430,57.07,58.47,56.96
07/31/2019,31-07-2019,07/31/2019,2019/07/31,58.58,592538,58.34,58.82,57.81
08-01-2019,01-08-2019,08-01-2019,2019/08/01,53.95,854993,57.85,57.99,53.59
08-02-2019,02-08-2019,08-02-2019,2019/08/02,55.66,709609,54.54,56.05,54.15
08-05-2019,05-08-2019,08-05-2019,2019/08/05,54.69,796567,55.38,55.61,54.22
08-06-2019,06-08-2019,08-06-2019,2019/08/06,53.63,651703,54.95,55.42,53.29
08-07-2019,07-08-2019,08-07-2019,2019/08/07,51.09,1009229,53.42,53.77,50.52
08-08-2019,08-08-2019,08-08-2019,2019/08/08,52.54,681903,52.33,53.06,51.94
08-09-2019,09-08-2019,08-09-2019,2019/08/09,54.5,684278,52.88,54.92,52.37
08-12-2019,12-08-2019,08-12-2019,2019/08/12,54.93,574972,54.32,55.18,53.54
08/13/2019,13-08-2019,08/13/2019,2019/08/13,57.1,740863,54.73,57.47,54.21
08/14/2019,14-08-2019,08/14/2019,2019/08/14,55.23,699321,56.74,56.85,53.97
08/15/2019,15-08-2019,08/15/2019,2019/08/15,54.47,504364,54.9,55.33,53.77
08/16/2019,16-08-2019,08/16/2019,2019/08/16,54.87,149723,54.74,55.67,54.26
08/19/2019,19-08-2019,08/19/2019,2019/08/19,56.21,75923,54.96,56.41,54.84
08/20/2019,20-08-2019,08/20/2019,2019/08/20,56.34,29321,56.1,56.6,55.28
08/21/2019,21-08-2019,08/21/2019,2019/08/21,55.68,688659,56.05,57.13,55.55
08/22/2019,22-08-2019,08/22/2019,2019/08/22,55.35,607226,55.94,56.46,54.85
08/23/2019,23-08-2019,08/23/2019,2019/08/23,54.17,790876,55.35,55.6,53.24
08/26/2019,26-08-2019,08/26/2019,2019/08/26,53.64,665088,53.25,55.26,52.96
08/27/2019,27-08-2019,08/27/2019,2019/08/27,54.93,582245,53.76,55.72,53.69
08/28/2019,28-08-2019,08/28/2019,2019/08/28,55.78,652574,55.71,56.75,55.34
08/29/2019,29-08-2019,08/29/2019,2019/08/29,56.71,609609,55.88,56.89,55.43
08/30/2019,30-08-2019,08/30/2019,2019/08/30,55.16,679847,55.07,55.16,55
09-03-2019,03-09-2019,09-03-2019,2019/09/03,53.94,940004,54.8,55.24,52.84
09-04-2019,04-09-2019,09-04-2019,2019/09/04,56.26,651510,53.92,56.58,53.84
09-05-2019,05-09-2019,09-05-2019,2019/09/05,56.3,689882,55.95,57.76,55.75
09-06-2019,06-09-2019,09-06-2019,2019/09/06,56.52,686478,56.19,56.95,54.83
09-09-2019,09-09-2019,09-09-2019,2019/09/09,57.85,607021,56.8,58.16,56.58
09-10-2019,10-09-2019,09-10-2019,2019/09/10,57.4,718610,58.03,58.76,57.2
09-11-2019,11-09-2019,09-11-2019,2019/09/11,55.75,820839,57.89,58.3,55.61
09-12-2019,12-09-2019,09-12-2019,2019/09/12,55.09,808312,55.93,56.34,54
09/13/2019,13-09-2019,09/13/2019,2019/09/13,54.85,563398,55.15,55.68,54.44
09/16/2019,16-09-2019,09/16/2019,2019/09/16,62.9,1372105,62.35,63.38,61.45
09/17/2019,17-09-2019,09/17/2019,2019/09/17,59.34,973374,61.25,61.29,58.46
09/18/2019,18-09-2019,09/18/2019,2019/09/18,58.11,202008,58.14,58.27,58.05
09/19/2019,19-09-2019,09/19/2019,2019/09/19,58.13,77410,58.2,59.54,58.01
09/20/2019,20-09-2019,09/20/2019,2019/09/20,58.09,20652,58.65,59.1,57.79
09/23/2019,23-09-2019,09/23/2019,2019/09/23,58.64,511511,59.25,59.39,57.37
09/24/2019,24-09-2019,09/24/2019,2019/09/24,57.29,570224,58.44,58.49,56.69
09/25/2019,25-09-2019,09/25/2019,2019/09/25,56.49,539689,56.7,57.02,55.55
09/26/2019,26-09-2019,09/26/2019,2019/09/26,56.41,576648,56.69,56.84,55.41
09/27/2019,27-09-2019,09/27/2019,2019/09/27,55.91,689324,56.51,56.76,54.75
09/30/2019,30-09-2019,09/30/2019,2019/09/30,54.07,504623,56.54,56.57,53.98
10-01-2019,01-10-2019,10-01-2019,2019/10/01,53.62,555107,54.28,54.84,53.05
10-02-2019,02-10-2019,10-02-2019,2019/10/02,52.64,556072,54,54.42,52.17
10-03-2019,03-10-2019,10-03-2019,2019/10/03,52.45,610390,52.47,52.91,50.99
10-04-2019,04-10-2019,10-04-2019,2019/10/04,52.81,515324,52.29,53.35,52.04
10-07-2019,07-10-2019,10-07-2019,2019/10/07,52.75,510780,52.76,53.07,52.71
10-08-2019,08-10-2019,10-08-2019,2019/10/08,52.63,614888,52.81,53.27,51.81
10-09-2019,09-10-2019,10-09-2019,2019/10/09,52.59,585947,52.58,52.75,52.51
10-10-2019,10-10-2019,10-10-2019,2019/10/10,53.55,576127,52.69,53.97,51.38
10-11-2019,11-10-2019,10-11-2019,2019/10/11,54.7,697084,53.88,54.93,53.64
10/14/2019,14-10-2019,10/14/2019,2019/10/14,53.59,450419,54.9,54.9,52.77
10/15/2019,15-10-2019,10/15/2019,2019/10/15,52.81,484794,53.51,53.79,52.39
10/16/2019,16-10-2019,10/16/2019,2019/10/16,53.36,432727,52.92,53.74,52.51
10/17/2019,17-10-2019,10/17/2019,2019/10/17,53.93,405330,52.99,54.16,52.62
10/18/2019,18-10-2019,10/18/2019,2019/10/18,53.78,156871,54.09,54.62,53.35
10/21/2019,21-10-2019,10/21/2019,2019/10/21,53.31,63794,53.71,54.03,52.71
10/22/2019,22-10-2019,10/22/2019,2019/10/22,54.16,23001,53.39,54.62,53.1
10/23/2019,23-10-2019,10/23/2019,2019/10/23,55.97,600372,54.3,56.07,53.62
10/24/2019,24-10-2019,10/24/2019,2019/10/24,56.23,459548,55.9,56.51,55.41
10/25/2019,25-10-2019,10/25/2019,2019/10/25,56.66,418474,56.71,56.74,56.57
10/28/2019,28-10-2019,10/28/2019,2019/10/28,55.81,417828,56.65,56.92,55.58
10/29/2019,29-10-2019,10/29/2019,2019/10/29,55.54,505147,55.8,55.91,54.61
10/30/2019,30-10-2019,10/30/2019,2019/10/30,55.06,630266,55.53,55.73,54.42
10/31/2019,31-10-2019,10/31/2019,2019/10/31,54.18,645900,54.9,55.59,53.71
11-01-2019,01-11-2019,11-01-2019,2019/11/01,56.2,514826,54.15,56.33,54.07
11-04-2019,04-11-2019,11-04-2019,2019/11/04,56.54,551001,56.41,57.43,55.83
11-05-2019,05-11-2019,11-05-2019,2019/11/05,57.23,411763,56.56,57.5,56.3
11-06-2019,06-11-2019,11-06-2019,2019/11/06,56.35,588671,56.34,56.58,56.29
11-07-2019,07-11-2019,11-07-2019,2019/11/07,57.15,633837,56.84,57.1,56.83
11-08-2019,08-11-2019,11-08-2019,2019/11/08,57.24,589272,57.08,57.48,55.76
11-11-2019,11-11-2019,11-11-2019,2019/11/11,56.86,462661,57.4,57.4,56.25
11-12-2019,12-11-2019,11-12-2019,2019/11/12,56.8,545060,56.89,57.55,56.54
11/13/2019,13-11-2019,11/13/2019,2019/11/13,57.12,515248,57.19,57.52,57.17
11/14/2019,14-11-2019,11/14/2019,2019/11/14,56.77,487284,57.39,57.79,56.63
11/15/2019,15-11-2019,11/15/2019,2019/11/15,57.72,350171,57.75,57.94,57.59
11/18/2019,18-11-2019,11/18/2019,2019/11/18,57.05,137000,57.88,58.09,56.55
11/19/2019,19-11-2019,11/19/2019,2019/11/19,55.21,76021,56.9,57.11,55.04
11/20/2019,20-11-2019,11/20/2019,2019/11/20,57.11,20010,55.16,57.25,54.76
11/21/2019,21-11-2019,11/21/2019,2019/11/21,58.58,570480,57,58.67,56.6
11/22/2019,22-11-2019,11/22/2019,2019/11/22,57.77,480281,58.31,58.74,57.5
11/25/2019,25-11-2019,11/25/2019,2019/11/25,58.01,406785,57.92,58.15,57.21
11/26/2019,26-11-2019,11/26/2019,2019/11/26,58.41,427362,57.92,58.56,57.76
11/27/2019,27-11-2019,11/27/2019,2019/11/27,58.11,432902,58.27,58.68,57.51
11/29/2019,29-11-2019,11/29/2019,2019/11/29,55.17,692806,58.2,58.3,55.02
12-02-2019,02-12-2019,12-02-2019,2019/12/02,55.96,581647,55.47,56.67,55.42
12-03-2019,03-12-2019,12-03-2019,2019/12/03,56.1,540776,55.96,56.8,55.35
12-04-2019,04-12-2019,12-04-2019,2019/12/04,58.43,731078,56.43,58.66,56.28
12-05-2019,05-12-2019,12-05-2019,2019/12/05,58.33,620670,58.36,59.12,58.1
12-06-2019,06-12-2019,12-06-2019,2019/12/06,59.2,637852,58.32,59.85,57.7
12-09-2019,09-12-2019,12-09-2019,2019/12/09,59.02,466515,59.11,59.25,58.23
12-10-2019,10-12-2019,12-10-2019,2019/12/10,59.24,514628,58.92,59.52,58.52
12-11-2019,11-12-2019,12-11-2019,2019/12/11,58.76,555721,58.8,58.87,58.79
12-12-2019,12-12-2019,12-12-2019,2019/12/12,59.18,485241,59.46,59.5,59.2
12/13/2019,13-12-2019,12/13/2019,2019/12/13,60.07,485594,59.36,60.48,59.27
12/16/2019,16-12-2019,12/16/2019,2019/12/16,60.21,306591,59.87,60.34,59.71
12/17/2019,17-12-2019,12/17/2019,2019/12/17,60.94,147235,60.23,61.06,60.03
12/18/2019,18-12-2019,12/18/2019,2019/12/18,60.93,95329,60.55,61.18,60.32
12/19/2019,19-12-2019,12/19/2019,2019/12/19,61.18,417022,60.81,61.4,60.69
12/20/2019,20-12-2019,12/20/2019,2019/12/20,60.44,534878,61.11,61.2,60.02
12/23/2019,23-12-2019,12/23/2019,2019/12/23,60.52,301631,60.41,60.77,60.1
12/24/2019,24-12-2019,12/24/2019,2019/12/24,61.11,190859,60.63,61.16,60.47
12/26/2019,26-12-2019,12/26/2019,2019/12/26,61.68,253345,61.2,61.83,61.06
12/27/2019,27-12-2019,12/27/2019,2019/12/27,61.72,333129,61.73,61.97,61.24
12/30/2019,30-12-2019,12/30/2019,2019/12/30,61.68,406253,61.71,62.34,61.09
12/31/2019,31-12-2019,12/31/2019,2019/12/31,61.06,474053,61.68,61.88,60.63
01-02-2020,02-01-2020,01-02-2020,2020/01/02,61.18,471119,61.6,61.6,60.64
01-03-2020,03-01-2020,01-03-2020,2020/01/03,63.05,852975,61.18,64.09,61.13
01-06-2020,06-01-2020,01-06-2020,2020/01/06,63.27,705242,63.71,64.72,62.64
01-07-2020,07-01-2020,01-07-2020,2020/01/07,62.7,556048,62.91,63.15,62.11
01-08-2020,08-01-2020,01-08-2020,2020/01/08,59.61,1157077,59.91,60.46,59.84
01-09-2020,09-01-2020,01-09-2020,2020/01/09,59.56,712658,59.99,60.31,58.66
01-10-2020,10-01-2020,01-10-2020,2020/01/10,59.04,553817,59.61,59.78,58.85
01/13/2020,13-01-2020,01/13/2020,2020/01/13,58.08,549744,59.04,59.27,57.91
01/14/2020,14-01-2020,01/14/2020,2020/01/14,58.23,471167,58.03,58.72,57.72
01/15/2020,15-01-2020,01/15/2020,2020/01/15,57.81,412514,58.2,58.36,57.36
01/16/2020,16-01-2020,01/16/2020,2020/01/16,58.52,170200,58.1,58.87,57.56
01/17/2020,17-01-2020,01/17/2020,2020/01/17,58.54,90539,58.59,58.98,58.27
01/21/2020,21-01-2020,01/21/2020,2020/01/21,58.34,36251,58.8,59.73,57.68
01/22/2020,22-01-2020,01/22/2020,2020/01/22,56.74,598300,56.88,57.1,56.03
01/23/2020,23-01-2020,01/23/2020,2020/01/23,55.59,670777,56.11,56.27,54.77
01/24/2020,24-01-2020,01/24/2020,2020/01/24,54.19,558150,54.25,54.42,54.15
01/27/2020,27-01-2020,01/27/2020,2020/01/27,53.14,685508,53.7,53.71,52.13
01/28/2020,28-01-2020,01/28/2020,2020/01/28,53.48,609189,52.77,54.06,52.68
01/29/2020,29-01-2020,01/29/2020,2020/01/29,53.33,603478,53.97,54.37,52.81
01/30/2020,30-01-2020,01/30/2020,2020/01/30,52.14,686601,53.09,53.2,51.66
01/31/2020,31-01-2020,01/31/2020,2020/01/31,51.56,790646,52.92,53.36,50.97
02-03-2020,03-02-2020,02-03-2020,2020/02/03,50.11,839671,51.01,51.97,49.8
02-04-2020,04-02-2020,02-04-2020,2020/02/04,49.61,825721,49.94,51.55,49.31
02-05-2020,05-02-2020,02-05-2020,2020/02/05,50.75,849264,49.51,51.88,49.47
02-06-2020,06-02-2020,02-06-2020,2020/02/06,50.95,715101,51.17,52.2,50.24
02-07-2020,07-02-2020,02-07-2020,2020/02/07,50.32,705408,51.11,51.48,50.09
02-10-2020,10-02-2020,02-10-2020,2020/02/10,49.57,663623,50.12,50.49,49.42
02-11-2020,11-02-2020,02-11-2020,2020/02/11,49.94,671000,49.61,50.69,49.58
02-12-2020,12-02-2020,02-12-2020,2020/02/12,51.17,734341,49.96,51.73,49.95
02/13/2020,13-02-2020,02/13/2020,2020/02/13,51.42,694375,51.72,51.96,50.6
02/14/2020,14-02-2020,02/14/2020,2020/02/14,52.05,571940,51.51,52.34,51.32
02/18/2020,18-02-2020,02/18/2020,2020/02/18,52.12,200409,52.1,52.41,50.88
02/19/2020,19-02-2020,02/19/2020,2020/02/19,53.29,78294,52.12,53.66,51.93
02/20/2020,20-02-2020,02/20/2020,2020/02/20,53.78,18321,53.5,54.5,53.22
02/21/2020,21-02-2020,02/21/2020,2020/02/21,53.38,690203,53.74,53.86,52.55
02/24/2020,24-02-2020,02/24/2020,2020/02/24,51.43,739360,51.44,51.46,51.17
02/25/2020,25-02-2020,02/25/2020,2020/02/25,49.9,746438,50.14,50.17,49.69
02/26/2020,26-02-2020,02/26/2020,2020/02/26,48.73,863928,48.71,48.74,48.59
02/27/2020,27-02-2020,02/27/2020,2020/02/27,47.09,980446,46.97,46.99,46.17
02/28/2020,28-02-2020,02/28/2020,2020/02/28,44.76,1059301,46.49,47.03,43.85
03-02-2020,02-03-2020,03-02-2020,2020/03/02,46.75,918575,43.7,47.56,43.32
03-03-2020,03-03-2020,03-03-2020,2020/03/03,47.18,985670,47.72,48.66,46.47
03-04-2020,04-03-2020,03-04-2020,2020/03/04,46.78,724225,46.94,48.41,46.65
03-05-2020,05-03-2020,03-05-2020,2020/03/05,45.9,683404,47.45,47.54,45.65
03-06-2020,06-03-2020,03-06-2020,2020/03/06,41.28,1204734,46.09,46.38,41.05
03-09-2020,09-03-2020,03-09-2020,2020/03/09,31.13,1693652,32.87,34.88,27.34
03-10-2020,10-03-2020,03-10-2020,2020/03/10,34.36,997569,30.37,35.02,30.2
03-11-2020,11-03-2020,03-11-2020,2020/03/11,32.98,824665,34.62,36.35,32.56
03-12-2020,12-03-2020,03-12-2020,2020/03/12,31.5,963502,33.07,33.63,30.02
03/13/2020,13-03-2020,03/13/2020,2020/03/13,31.73,715399,30.77,33.87,30.33
03/16/2020,16-03-2020,03/16/2020,2020/03/16,28.7,663525,28.23,30.42,28.22
03/17/2020,17-03-2020,03/17/2020,2020/03/17,26.95,521494,28.69,30.3,26.63
03/18/2020,18-03-2020,03/18/2020,2020/03/18,20.37,286707,26.94,27.22,20.06
03/19/2020,19-03-2020,03/19/2020,2020/03/19,25.22,78126,22.3,27.71,21.36
03/20/2020,20-03-2020,03/20/2020,2020/03/20,22.43,18012,24.73,27.89,19.46
03/23/2020,23-03-2020,03/23/2020,2020/03/23,23.36,801593,22.19,24.07,20.8
03/24/2020,24-03-2020,03/24/2020,2020/03/24,24.01,633894,23.87,25.16,23.09
03/25/2020,25-03-2020,03/25/2020,2020/03/25,24.49,594780,24.37,25.24,22.91
03/26/2020,26-03-2020,03/26/2020,2020/03/26,22.6,594194,24.25,24.65,22.38
03/27/2020,27-03-2020,03/27/2020,2020/03/27,21.51,551742,23.29,23.44,20.88
03/30/2020,30-03-2020,03/30/2020,2020/03/30,20.09,695356,20.93,20.86,19.27
03/31/2020,31-03-2020,03/31/2020,2020/03/31,20.48,604605,20.23,21.89,20.01
04-01-2020,01-04-2020,04-01-2020,2020/04/01,20.31,663543,20.1,21.55,19.9
04-02-2020,02-04-2020,04-02-2020,2020/04/02,25.32,1041769,25.87,27.13,23.34
04-03-2020,03-04-2020,04-03-2020,2020/04/03,28.34,947533,24.81,29.13,23.52
04-06-2020,06-04-2020,04-06-2020,2020/04/06,26.08,713558,25.95,28.24,25.63
04-07-2020,07-04-2020,04-07-2020,2020/04/07,23.63,686575,26.34,27.24,23.54
04-08-2020,08-04-2020,04-08-2020,2020/04/08,25.09,690628,25.78,26.39,24.87
04-09-2020,09-04-2020,04-09-2020,2020/04/09,22.76,999324,26.28,28.36,22.57
04/13/2020,13-04-2020,04/13/2020,2020/04/13,22.41,676148,23.67,24.57,22.03
04/14/2020,14-04-2020,04/14/2020,2020/04/14,20.11,668308,22.36,23.08,19.95
04/15/2020,15-04-2020,04/15/2020,2020/04/15,19.87,504320,20.72,20.89,19.2
04/16/2020,16-04-2020,04/16/2020,2020/04/16,19.75,319273,20.15,20.53,19.42
04/17/2020,17-04-2020,04/17/2020,2020/04/17,18.27,213600,20,20.22,17.31
04/20/2020,20-04-2020,04/20/2020,2020/04/20,-37.63,148427,-37.25,-35.2,-40.32
04/21/2020,21-04-2020,04/21/2020,2020/04/21,9.06,12250,11.35,13.86,8.91
04/22/2020,22-04-2020,04/22/2020,2020/04/22,13.78,1141771,15.86,15.87,13.49
04/23/2020,23-04-2020,04/23/2020,2020/04/23,16.5,777155,14.2,18.26,13.35
04/24/2020,24-04-2020,04/24/2020,2020/04/24,16.94,565121,16.78,17.97,15.64
04/27/2020,27-04-2020,04/27/2020,2020/04/27,12.78,581712,16.84,16.98,11.88
04/28/2020,28-04-2020,04/28/2020,2020/04/28,12.34,815946,12.96,13.69,10.07
04/29/2020,29-04-2020,04/29/2020,2020/04/29,15.06,510049,13.35,16.78,12.67
04/30/2020,30-04-2020,04/30/2020,2020/04/30,18.84,501420,19.23,19.44,18.11
05-01-2020,01-05-2020,05-01-2020,2020/05/01,19.78,368386,19.04,20.48,18.07
05-04-2020,04-05-2020,05-04-2020,2020/05/04,20.39,286630,19.11,21.42,18.05
05-05-2020,05-05-2020,05-05-2020,2020/05/05,24.56,363452,21.24,25.49,21.13
05-06-2020,06-05-2020,05-06-2020,2020/05/06,23.99,357184,25.52,26.08,22.58
05-07-2020,07-05-2020,05-07-2020,2020/05/07,23.55,288733,24.09,26.74,22.94
05-08-2020,08-05-2020,05-08-2020,2020/05/08,24.74,178222,23.35,24.99,23.26
05-11-2020,11-05-2020,05-11-2020,2020/05/11,24.14,157369,24.49,25.58,23.67
05-12-2020,12-05-2020,05-12-2020,2020/05/12,25.78,160903,24.49,26.23,24.22
05/13/2020,13-05-2020,05/13/2020,2020/05/13,25.29,122446,25.3,26.45,24.79
05/14/2020,14-05-2020,05/14/2020,2020/05/14,27.56,130795,25.56,27.96,25.18
05/15/2020,15-05-2020,05/15/2020,2020/05/15,29.43,85231,27.64,29.92,27.24
05/18/2020,18-05-2020,05/18/2020,2020/05/18,31.82,57021,29.53,33.32,29.53
05/19/2020,19-05-2020,05/19/2020,2020/05/19,32.5,19099,32.83,33.44,31.34
05/20/2020,20-05-2020,05/20/2020,2020/05/20,33.49,392364,31.89,33.78,31.56
05/21/2020,21-05-2020,05/21/2020,2020/05/21,33.92,359977,33.53,34.66,33.26
05/22/2020,22-05-2020,05/22/2020,2020/05/22,33.25,411001,33.95,34,30.72
05/26/2020,26-05-2020,05/26/2020,2020/05/26,34.35,453480,33.79,34.81,32.48
05/27/2020,27-05-2020,05/27/2020,2020/05/27,32.81,401527,34.14,34.32,31.75
05/28/2020,28-05-2020,05/28/2020,2020/05/28,33.71,420609,32.1,34.21,31.14
05/29/2020,29-05-2020,05/29/2020,2020/05/29,35.49,420891,33.68,35.77,32.36
06-01-2020,01-06-2020,06-01-2020,2020/06/01,35.44,366173,35.21,35.9,34.27
06-02-2020,02-06-2020,06-02-2020,2020/06/02,36.81,320931,35.56,37.06,35.28
06-03-2020,03-06-2020,06-03-2020,2020/06/03,37.29,479243,36.86,38.18,35.88
06-04-2020,04-06-2020,06-04-2020,2020/06/04,37.41,289254,36.76,37.62,36.38
06-05-2020,05-06-2020,06-05-2020,2020/06/05,39.55,376424,37.33,39.68,37.05
06-08-2020,08-06-2020,06-08-2020,2020/06/08,38.19,397386,39.41,40.44,37.96
06-09-2020,09-06-2020,06-09-2020,2020/06/09,38.94,370929,38.22,39.1,37.07
06-10-2020,10-06-2020,06-10-2020,2020/06/10,39.6,362966,38.5,39.91,37.73
06-11-2020,11-06-2020,06-11-2020,2020/06/11,36.34,493629,39.09,39.09,35.41
06-12-2020,12-06-2020,06-12-2020,2020/06/12,36.26,380344,36.26,36.99,34.48
06/15/2020,15-06-2020,06/15/2020,2020/06/15,37.12,353541,36.03,37.26,34.36
06/16/2020,16-06-2020,06/16/2020,2020/06/16,38.38,339007,37.05,39.06,36.38
06/17/2020,17-06-2020,06/17/2020,2020/06/17,37.96,225264,37.93,38.75,37.21
06/18/2020,18-06-2020,06/18/2020,2020/06/18,38.84,96816,37.74,38.97,37.11
06/19/2020,19-06-2020,06/19/2020,2020/06/19,39.75,44183,38.85,40.49,38.4
06/22/2020,22-06-2020,06/22/2020,2020/06/22,40.46,18811,39.18,40.7,39.12
06/23/2020,23-06-2020,06/23/2020,2020/06/23,40.37,356573,40.68,41.63,39.76
06/24/2020,24-06-2020,06/24/2020,2020/06/24,38.01,483384,39.99,40.54,37.31
06/25/2020,25-06-2020,06/25/2020,2020/06/25,38.72,437229,38.05,39.23,37.08
06/26/2020,26-06-2020,06/26/2020,2020/06/26,38.49,338747,39.09,39.35,37.79
06/29/2020,29-06-2020,06/29/2020,2020/06/29,39.7,327055,37.96,39.89,37.5
06/30/2020,30-06-2020,06/30/2020,2020/06/30,39.27,349492,39.72,40.08,38.98
07-01-2020,01-07-2020,07-01-2020,2020/07/01,39.82,386998,39.77,39.96,39.57
07-02-2020,02-07-2020,07-02-2020,2020/07/02,40.65,326235,39.78,40.74,39.46
07-06-2020,06-07-2020,07-06-2020,2020/07/06,40.63,273028,40.31,41.08,40.15
07-07-2020,07-07-2020,07-07-2020,2020/07/07,40.62,239403,40.68,40.95,39.9
07-08-2020,08-07-2020,07-08-2020,2020/07/08,40.9,263558,40.48,41.08,40.3
07-09-2020,09-07-2020,07-09-2020,2020/07/09,39.62,345020,40.87,40.99,39.27
07-10-2020,10-07-2020,07-10-2020,2020/07/10,40.55,366208,39.58,40.77,38.54
07/13/2020,13-07-2020,07/13/2020,2020/07/13,40.1,345391,40.35,40.72,39.47
07/14/2020,14-07-2020,07/14/2020,2020/07/14,40.29,389537,40.17,40.55,40.1
07/15/2020,15-07-2020,07/15/2020,2020/07/15,41.2,327910,40.55,41.26,40.08
07/16/2020,16-07-2020,07/16/2020,2020/07/16,40.75,183794,40.97,41.18,40.52
07/17/2020,17-07-2020,07/17/2020,2020/07/17,40.59,72124,40.69,40.9,40.02
07/20/2020,20-07-2020,07/20/2020,2020/07/20,40.81,38909,40.64,40.91,39.83
07/21/2020,21-07-2020,07/21/2020,2020/07/21,41.96,17724,40.65,42.4,40.64
07/22/2020,22-07-2020,07/22/2020,2020/07/22,41.9,319723,41.54,42.03,41.14
07/23/2020,23-07-2020,07/23/2020,2020/07/23,41.07,374334,41.95,42.36,40.83
07/24/2020,24-07-2020,07/24/2020,2020/07/24,41.29,338941,41.06,41.67,40.66
07/27/2020,27-07-2020,07/27/2020,2020/07/27,41.6,364710,41.26,41.82,40.48
07/28/2020,28-07-2020,07/28/2020,2020/07/28,41.04,262616,41.65,41.93,40.85
07/29/2020,29-07-2020,07/29/2020,2020/07/29,41.27,279638,41.13,41.57,40.93
07/30/2020,30-07-2020,07/30/2020,2020/07/30,39.92,457153,41.32,41.39,38.72
07/31/2020,31-07-2020,07/31/2020,2020/07/31,40.27,293852,40.34,40.55,39.66
08-03-2020,03-08-2020,08-03-2020,2020/08/03,41.01,313783,40.39,41.24,39.58
08-04-2020,04-08-2020,08-04-2020,2020/08/04,41.7,427371,40.78,42.08,40.14
08-05-2020,05-08-2020,08-05-2020,2020/08/05,42.19,472591,41.56,43.52,41.47
08-06-2020,06-08-2020,08-06-2020,2020/08/06,41.95,339186,42.19,42.65,41.61
08-07-2020,07-08-2020,08-07-2020,2020/08/07,41.22,365478,41.97,42.22,41.06
08-10-2020,10-08-2020,08-10-2020,2020/08/10,41.94,328469,41.5,42.33,41.17
08-11-2020,11-08-2020,08-11-2020,2020/08/11,41.61,399369,41.98,42.94,41.48
08-12-2020,12-08-2020,08-12-2020,2020/08/12,42.67,359950,41.62,42.9,41.53
08/13/2020,13-08-2020,08/13/2020,2020/08/13,42.24,282898,42.57,42.84,42.09
08/14/2020,14-08-2020,08/14/2020,2020/08/14,42.01,281945,42.33,42.57,41.62
08/17/2020,17-08-2020,08/17/2020,2020/08/17,42.89,187797,42.24,42.97,41.8
08/18/2020,18-08-2020,08/18/2020,2020/08/18,42.55,94785,42.79,42.99,42.11
08/19/2020,19-08-2020,08/19/2020,2020/08/19,42.93,44996,42.6,43.03,42.36
08/20/2020,20-08-2020,08/20/2020,2020/08/20,42.58,17963,42.74,42.79,41.5
08/21/2020,21-08-2020,08/21/2020,2020/08/21,42.34,328732,42.75,42.96,41.46
08/24/2020,24-08-2020,08/24/2020,2020/08/24,42.62,276796,42.48,42.89,42.23
08/25/2020,25-08-2020,08/25/2020,2020/08/25,43.35,316506,42.36,43.57,42.31
08/26/2020,26-08-2020,08/26/2020,2020/08/26,43.39,249771,43.39,43.78,43
08/27/2020,27-08-2020,08/27/2020,2020/08/27,43.04,305095,43.45,43.5,42.36
08/28/2020,28-08-2020,08/28/2020,2020/08/28,42.97,255609,42.98,43.42,42.69
08/31/2020,31-08-2020,08/31/2020,2020/08/31,42.61,219480,42.91,43.57,42.56
09-01-2020,01-09-2020,09-01-2020,2020/09/01,42.76,269697,42.83,43.43,42.72
09-02-2020,02-09-2020,09-02-2020,2020/09/02,41.51,396996,43.02,43.21,41.23
09-03-2020,03-09-2020,09-03-2020,2020/09/03,41.37,393678,41.63,41.79,40.22
09-04-2020,04-09-2020,09-04-2020,2020/09/04,39.77,423209,41.25,40.9,39.35
09-08-2020,08-09-2020,09-08-2020,2020/09/08,36.76,686873,39.48,39.59,36.13
09-09-2020,09-09-2020,09-09-2020,2020/09/09,38.05,428422,36.79,38.45,36.16
09-10-2020,10-09-2020,09-10-2020,2020/09/10,37.3,338923,37.8,38.18,36.93
09-11-2020,11-09-2020,09-11-2020,2020/09/11,37.33,331966,37.01,37.82,36.67
09/14/2020,14-09-2020,09/14/2020,2020/09/14,37.26,309669,37.32,37.68,36.82
09/15/2020,15-09-2020,09/15/2020,2020/09/15,38.28,314656,37.28,38.57,37.06
09/16/2020,16-09-2020,09/16/2020,2020/09/16,40.16,342971,38.35,40.34,38.35
09/17/2020,17-09-2020,09/17/2020,2020/09/17,40.97,262034,40.19,41.22,39.42
09/18/2020,18-09-2020,09/18/2020,2020/09/18,41.11,73755,40.97,41.18,40.57
09/21/2020,21-09-2020,09/21/2020,2020/09/21,39.31,33734,40.98,41.27,38.66
09/22/2020,22-09-2020,09/22/2020,2020/09/22,39.6,15651,39.63,40.02,39
09/23/2020,23-09-2020,09/23/2020,2020/09/23,39.93,298174,39.76,40.72,39.49
09/24/2020,24-09-2020,09/24/2020,2020/09/24,40.31,258227,39.6,40.37,39.12
09/25/2020,25-09-2020,09/25/2020,2020/09/25,40.25,214146,40.15,40.64,39.71
09/28/2020,28-09-2020,09/28/2020,2020/09/28,40.6,212719,40.07,40.8,39.78
09/29/2020,29-09-2020,09/29/2020,2020/09/29,39.29,356884,40.58,40.7,38.41
09/30/2020,30-09-2020,09/30/2020,2020/09/30,40.22,323219,39.16,40.09,39.81
10-01-2020,01-10-2020,10-01-2020,2020/10/01,38.72,415352,39.9,40.47,37.61
10-02-2020,02-10-2020,10-02-2020,2020/10/02,37.05,369869,38.6,37.08,36.86
10-05-2020,05-10-2020,10-05-2020,2020/10/05,39.22,354266,37,39.72,37
10-06-2020,06-10-2020,10-06-2020,2020/10/06,40.67,382606,39.35,40.86,39.1
10-07-2020,07-10-2020,10-07-2020,2020/10/07,39.95,405108,39.83,40.35,39.28
10-08-2020,08-10-2020,10-08-2020,2020/10/08,41.19,379278,39.99,41.33,39.76
10-09-2020,09-10-2020,10-09-2020,2020/10/09,40.6,304787,41.31,41.47,40.38
10-12-2020,12-10-2020,10-12-2020,2020/10/12,39.43,290338,40.4,40.45,39.04
10/13/2020,13-10-2020,10/13/2020,2020/10/13,40.2,330962,39.53,40.28,40.14
10/14/2020,14-10-2020,10/14/2020,2020/10/14,41.04,302316,40.19,41.16,39.82
10/15/2020,15-10-2020,10/15/2020,2020/10/15,40.96,230737,41.13,41.03,40.92
10/16/2020,16-10-2020,10/16/2020,2020/10/16,40.88,83245,40.88,41.05,40.08
10/19/2020,19-10-2020,10/19/2020,2020/10/19,40.83,52565,40.69,41.22,40.54
10/20/2020,20-10-2020,10/20/2020,2020/10/20,41.46,17399,40.65,41.7,40.25
10/21/2020,21-10-2020,10/21/2020,2020/10/21,40.03,346021,41.22,41.59,39.78
10/22/2020,22-10-2020,10/22/2020,2020/10/22,40.64,292201,40.04,41.02,39.71
10/23/2020,23-10-2020,10/23/2020,2020/10/23,39.85,251057,40.61,40.92,39.57
10/26/2020,26-10-2020,10/26/2020,2020/10/26,38.56,341684,39.69,39.74,38.28
10/27/2020,27-10-2020,10/27/2020,2020/10/27,39.57,324103,38.59,39.83,38.51
10/28/2020,28-10-2020,10/28/2020,2020/10/28,37.39,466151,38.97,37.57,36.97
10/29/2020,29-10-2020,10/29/2020,2020/10/29,36.17,533963,37.39,37.76,34.92
10/30/2020,30-10-2020,10/30/2020,2020/10/30,35.79,367503,36.07,36.6,35.21
11-02-2020,02-11-2020,11-02-2020,2020/11/02,36.81,467629,35.24,37.15,33.64
11-03-2020,03-11-2020,11-03-2020,2020/11/03,37.66,390487,37.03,38.23,37.8
11-04-2020,04-11-2020,11-04-2020,2020/11/04,39.15,417326,38.15,39.16,38.93
11-05-2020,05-11-2020,11-05-2020,2020/11/05,38.79,279316,39.17,38.56,38.4
11-06-2020,06-11-2020,11-06-2020,2020/11/06,37.14,381564,38.54,38.61,37.06
11-09-2020,09-11-2020,11-09-2020,2020/11/09,40.29,592543,37.34,40.45,39.77
11-10-2020,10-11-2020,11-10-2020,2020/11/10,41.36,426057,39.91,41.84,41.29
11-11-2020,11-11-2020,11-11-2020,2020/11/11,41.45,410601,41.79,43.06,41.32
11-12-2020,12-11-2020,11-12-2020,2020/11/12,41.12,360853,41.47,42.19,40.87
11/13/2020,13-11-2020,11/13/2020,2020/11/13,40.13,309998,40.94,40.94,40.06
11/16/2020,16-11-2020,11/16/2020,2020/11/16,41.34,337027,40.17,42.09,40.15
11/17/2020,17-11-2020,11/17/2020,2020/11/17,41.43,214643,41.44,41.69,40.57
11/18/2020,18-11-2020,11/18/2020,2020/11/18,41.82,89395,41.35,41.73,41.57
11/19/2020,19-11-2020,11/19/2020,2020/11/19,41.74,46456,41.61,41.98,41.76
11/20/2020,20-11-2020,11/20/2020,2020/11/20,42.15,18052,41.7,42.32,41.51
11/23/2020,23-11-2020,11/23/2020,2020/11/23,43.06,283487,42.46,42.97,42.81
11/24/2020,24-11-2020,11/24/2020,2020/11/24,44.91,400940,42.84,45.01,44.65
11/25/2020,25-11-2020,11/25/2020,2020/11/25,45.71,400583,44.82,46.26,44.73
11/27/2020,27-11-2020,11/27/2020,2020/11/27,45.53,351413,45.9,46.09,44.55
11/30/2020,30-11-2020,11/30/2020,2020/11/30,45.34,349022,45.34,45.61,44.86
12-01-2020,01-12-2020,12-01-2020,2020/12/01,44.55,295704,45.08,45.7,44.12
12-02-2020,02-12-2020,12-02-2020,2020/12/02,45.28,347720,44.38,45.61,44.8
12-03-2020,03-12-2020,12-03-2020,2020/12/03,45.64,333384,44.99,45.84,44.66
12-04-2020,04-12-2020,12-04-2020,2020/12/04,46.26,317929,45.64,46.68,45.61
12-07-2020,07-12-2020,12-07-2020,2020/12/07,45.76,324354,46.15,46.54,45.58
12-08-2020,08-12-2020,12-08-2020,2020/12/08,45.6,306224,45.66,45.93,45.14
12-09-2020,09-12-2020,12-09-2020,2020/12/09,45.52,402801,45.6,46.24,44.95
12-10-2020,10-12-2020,12-10-2020,2020/12/10,46.78,416274,45.69,47.74,45.52
12-11-2020,11-12-2020,12-11-2020,2020/12/11,46.57,330506,46.97,46.66,46.46
12/14/2020,14-12-2020,12/14/2020,2020/12/14,46.99,380367,46.73,47.44,45.69
12/15/2020,15-12-2020,12/15/2020,2020/12/15,47.62,284724,46.99,47.73,46.54
12/16/2020,16-12-2020,12/16/2020,2020/12/16,47.82,250687,47.6,47.94,47.17
12/17/2020,17-12-2020,12/17/2020,2020/12/17,48.36,77970,47.85,48.59,47.81
12/18/2020,18-12-2020,12/18/2020,2020/12/18,49.1,56198,48.43,49.28,48.1
12/21/2020,21-12-2020,12/21/2020,2020/12/21,47.74,19562,48.54,47.95,47.48
12/22/2020,22-12-2020,12/22/2020,2020/12/22,47.02,281890,47.93,47.96,46.6
12/23/2020,23-12-2020,12/23/2020,2020/12/23,48.12,329762,46.79,48.5,46.16
12/24/2020,24-12-2020,12/24/2020,2020/12/24,48.23,155943,48.09,48.62,47.56
12/28/2020,28-12-2020,12/28/2020,2020/12/28,47.62,224860,48.23,48.96,47.5
12/29/2020,29-12-2020,12/29/2020,2020/12/29,48,195767,47.72,48.35,47.68
12/30/2020,30-12-2020,12/30/2020,2020/12/30,48.4,254396,48.13,48.66,47.61
12/31/2020,31-12-2020,12/31/2020,2020/12/31,48.52,162807,48.35,48.58,47.77
01-04-2021,04-01-2021,01-04-2021,2021/01/04,47.62,502323,48.4,48.05,47.18
01-05-2021,05-01-2021,01-05-2021,2021/01/05,49.93,613857,47.38,50.2,49.37
01-06-2021,06-01-2021,01-06-2021,2021/01/06,50.63,488156,49.82,50.63,49.48
01-07-2021,07-01-2021,01-07-2021,2021/01/07,50.83,346834,50.53,51.28,50.39
01-08-2021,08-01-2021,01-08-2021,2021/01/08,52.24,465126,50.93,52.75,50.81
01-11-2021,11-01-2021,01-11-2021,2021/01/11,52.25,362084,52.58,52.7,51.5
01-12-2021,12-01-2021,01-12-2021,2021/01/12,53.21,362114,52.18,53.45,52.98
01/13/2021,13-01-2021,01/13/2021,2021/01/13,52.91,398195,53.31,53.12,52.84
01/14/2021,14-01-2021,01/14/2021,2021/01/14,53.57,346595,52.84,53.75,53.52
01/15/2021,15-01-2021,01/15/2021,2021/01/15,52.36,149492,53.8,53.83,51.83
01/19/2021,19-01-2021,01/19/2021,2021/01/19,52.98,89533,52,53.13,51.76
01/20/2021,20-01-2021,01/20/2021,2021/01/20,53.24,21202,53.13,53.56,53.05
01/21/2021,21-01-2021,01/21/2021,2021/01/21,53.13,337234,52.93,53.22,52.97
01/22/2021,22-01-2021,01/22/2021,2021/01/22,52.27,416863,53.1,53.16,51.44
01/25/2021,25-01-2021,01/25/2021,2021/01/25,52.77,335175,52.17,52.95,51.82
01/26/2021,26-01-2021,01/26/2021,2021/01/26,52.61,300342,52.91,53.25,52.29
01/27/2021,27-01-2021,01/27/2021,2021/01/27,52.85,425857,52.76,53.3,51.85
01/28/2021,28-01-2021,01/28/2021,2021/01/28,52.34,391963,52.65,53.58,52.04
01/29/2021,29-01-2021,01/29/2021,2021/01/29,52.2,390451,52.15,53.25,51.93
02-01-2021,01-02-2021,02-01-2021,2021/02/01,53.55,391958,51.99,53.74,51.64
02-02-2021,02-02-2021,02-02-2021,2021/02/02,54.76,435014,53.48,55.26,53.45
02-03-2021,03-02-2021,02-03-2021,2021/02/03,55.69,425699,55.05,56.33,54.81
02-04-2021,04-02-2021,02-04-2021,2021/02/04,56.23,359871,55.96,56.58,55.3
02-05-2021,05-02-2021,02-05-2021,2021/02/05,56.85,367946,56.46,57.29,56.43
02-08-2021,08-02-2021,02-08-2021,2021/02/08,57.97,367858,57.06,58.14,57
02-09-2021,09-02-2021,02-09-2021,2021/02/09,58.36,483494,58.11,58.62,57.27
02-10-2021,10-02-2021,02-10-2021,2021/02/10,58.68,417332,58.45,58.91,58.08
02-11-2021,11-02-2021,02-11-2021,2021/02/11,58.24,338366,58.4,58.71,57.84
02-12-2021,12-02-2021,02-12-2021,2021/02/12,59.47,459312,57.94,59.82,57.41
02/16/2021,16-02-2021,02/16/2021,2021/02/16,60.05,573153,60.15,60.27,60.06
02/17/2021,17-02-2021,02/17/2021,2021/02/17,61.14,313035,60.24,61.73,61.19
02/18/2021,18-02-2021,02/18/2021,2021/02/18,60.52,113236,61.68,60.68,59.79
02/19/2021,19-02-2021,02/19/2021,2021/02/19,59.24,62932,60.2,60.29,58.76
02/22/2021,22-02-2021,02/22/2021,2021/02/22,61.49,17185,58.88,61.84,60.87
02/23/2021,23-02-2021,02/23/2021,2021/02/23,61.67,554155,62.16,63,60.67
02/24/2021,24-02-2021,02/24/2021,2021/02/24,63.22,471858,61.29,63.51,62.78
02/25/2021,25-02-2021,02/25/2021,2021/02/25,63.53,489745,63.39,63.63,63.26
02/26/2021,26-02-2021,02/26/2021,2021/02/26,61.5,450135,63.46,61.73,61.48
03-01-2021,01-03-2021,03-01-2021,2021/03/01,60.64,438048,61.95,60.48,60.13
03-02-2021,02-03-2021,03-02-2021,2021/03/02,59.75,437551,60.23,60.51,59.38
03-03-2021,03-03-2021,03-03-2021,2021/03/03,61.28,446196,59.55,61.34,60.97
03-04-2021,04-03-2021,03-04-2021,2021/03/04,63.83,666759,61.08,64.32,63.87
03-05-2021,05-03-2021,03-05-2021,2021/03/05,66.09,544287,64.16,66.42,63.82
03-08-2021,08-03-2021,03-08-2021,2021/03/08,65.05,504787,66.68,67.98,64.57
03-09-2021,09-03-2021,03-09-2021,2021/03/09,64.01,522909,64.73,65.98,63.63
03-10-2021,10-03-2021,03-10-2021,2021/03/10,64.44,472481,63.84,64.96,63.25
03-11-2021,11-03-2021,03-11-2021,2021/03/11,66.02,407926,64.7,66.21,64.54
03-12-2021,12-03-2021,03-12-2021,2021/03/12,65.61,301506,65.96,66.24,65.41
03/15/2021,15-03-2021,03/15/2021,2021/03/15,65.39,352107,65.56,66.4,64.13
03/16/2021,16-03-2021,03/16/2021,2021/03/16,64.8,302297,65.33,65.43,63.8
03/17/2021,17-03-2021,03/17/2021,2021/03/17,64.6,233161,64.75,65.34,63.6
03/18/2021,18-03-2021,03/18/2021,2021/03/18,60,125705,64.42,61.16,58.2
03/19/2021,19-03-2021,03/19/2021,2021/03/19,61.42,53638,59.56,61.72,58.94
03/22/2021,22-03-2021,03/22/2021,2021/03/22,61.55,18717,61.55,61.9,60.39
03/23/2021,23-03-2021,03/23/2021,2021/03/23,57.76,693393,61.28,61.35,57.25
03/24/2021,24-03-2021,03/24/2021,2021/03/24,61.18,549817,57.4,61.34,57.29
03/25/2021,25-03-2021,03/25/2021,2021/03/25,58.56,561159,60.8,60.86,57.44
03/26/2021,26-03-2021,03/26/2021,2021/03/26,60.97,452009,58.48,61.36,58.32
03/29/2021,29-03-2021,03/29/2021,2021/03/29,61.56,437057,60.93,61.68,61.27
03/30/2021,30-03-2021,03/30/2021,2021/03/30,60.55,372783,61.96,62.27,59.94
03/31/2021,31-03-2021,03/31/2021,2021/03/31,59.16,392901,60.45,61.17,58.85
04-01-2021,01-04-2021,04-01-2021,2021/04/01,61.45,577986,59.49,61.75,58.86
04-05-2021,05-04-2021,04-05-2021,2021/04/05,58.65,418824,61.5,61.5,57.63
04-06-2021,06-04-2021,04-06-2021,2021/04/06,59.33,435658,58.8,59.48,59.01
04-07-2021,07-04-2021,04-07-2021,2021/04/07,59.77,454941,59.26,59.92,58.12
04-08-2021,08-04-2021,04-08-2021,2021/04/08,59.6,387648,59.52,59.93,58.82
04-09-2021,09-04-2021,04-09-2021,2021/04/09,59.32,315007,59.76,59.95,59.1
04-12-2021,12-04-2021,04-12-2021,2021/04/12,59.7,372380,59.35,60.77,58.73
04/13/2021,13-04-2021,04/13/2021,2021/04/13,60.18,306699,59.64,60.59,59.64
04/14/2021,14-04-2021,04/14/2021,2021/04/14,63.15,375808,60.44,63.44,60.38
04/15/2021,15-04-2021,04/15/2021,2021/04/15,63.46,218869,62.83,63.57,62.53
04/16/2021,16-04-2021,04/16/2021,2021/04/16,63.13,75376,63.32,63.88,62.83
04/19/2021,19-04-2021,04/19/2021,2021/04/19,63.38,41840,62.98,63.63,62.63
04/20/2021,20-04-2021,04/20/2021,2021/04/20,62.67,463231,63.53,64.38,61.49
04/21/2021,21-04-2021,04/21/2021,2021/04/21,61.35,415634,62.39,62.08,60.97
04/22/2021,22-04-2021,04/22/2021,2021/04/22,61.43,331702,61.11,61.69,61.03
04/23/2021,23-04-2021,04/23/2021,2021/04/23,62.14,326243,61.65,62.43,61.25
04/26/2021,26-04-2021,04/26/2021,2021/04/26,61.91,354112,62.06,62.01,61.89
04/27/2021,27-04-2021,04/27/2021,2021/04/27,62.94,340468,61.97,63.3,61.91
04/28/2021,28-04-2021,04/28/2021,2021/04/28,63.86,366957,63.04,64.53,62.67
04/29/2021,29-04-2021,04/29/2021,2021/04/29,65.01,363816,63.7,65.08,64.77
04/30/2021,30-04-2021,04/30/2021,2021/04/30,63.58,380491,64.88,63.69,63.43
05-03-2021,03-05-2021,05-03-2021,2021/05/03,64.49,269821,63.64,64.56,64.39
05-04-2021,04-05-2021,05-04-2021,2021/05/04,65.69,327341,64.53,65.77,65.22
05-05-2021,05-05-2021,05-05-2021,2021/05/05,65.63,440050,66.45,65.35,65.2
05-06-2021,06-05-2021,05-06-2021,2021/05/06,64.71,369580,65.27,65.13,64.6
05-07-2021,07-05-2021,05-07-2021,2021/05/07,64.9,393845,64.9,64.9,64.67
05-10-2021,10-05-2021,05-10-2021,2021/05/10,64.92,411540,65.57,65.75,63.95
05-11-2021,11-05-2021,05-11-2021,2021/05/11,65.28,484801,64.9,65.5,65.25
05-12-2021,12-05-2021,05-12-2021,2021/05/12,66.08,465657,65.46,66.63,64.97
05/13/2021,13-05-2021,05/13/2021,2021/05/13,63.82,500922,65.75,65.81,63.09
05/14/2021,14-05-2021,05/14/2021,2021/05/14,65.37,356176,63.83,65.62,63.33
05/17/2021,17-05-2021,05/17/2021,2021/05/17,66.27,245951,65.5,66.4,66.29
05/18/2021,18-05-2021,05/18/2021,2021/05/18,65.49,140479,66.33,65.6,65.13
05/19/2021,19-05-2021,05/19/2021,2021/05/19,63.36,68486,65.28,63.46,63.17
05/20/2021,20-05-2021,05/20/2021,2021/05/20,62.05,17039,63.39,62.87,61.89
05/21/2021,21-05-2021,05/21/2021,2021/05/21,63.58,506219,61.89,64.07,61.56
05/24/2021,24-05-2021,05/24/2021,2021/05/24,66.05,435983,63.87,66.14,64.97
05/25/2021,25-05-2021,05/25/2021,2021/05/25,66.07,478519,66.02,66.25,65.78
05/26/2021,26-05-2021,05/26/2021,2021/05/26,66.21,356881,66.04,66.43,65.25
05/27/2021,27-05-2021,05/27/2021,2021/05/27,66.85,321546,66.16,66.92,66.76
05/28/2021,28-05-2021,05/28/2021,2021/05/28,66.32,369957,66.95,67.52,66.17
06-01-2021,01-06-2021,06-01-2021,2021/06/01,67.72,551216,68,68.01,67.9
06-02-2021,02-06-2021,06-02-2021,2021/06/02,68.83,316256,67.99,69,68.24
06-03-2021,03-06-2021,06-03-2021,2021/06/03,68.81,333929,68.76,68.99,68.44
06-04-2021,04-06-2021,06-04-2021,2021/06/04,69.62,307435,68.91,69.67,69.29
06-07-2021,07-06-2021,06-07-2021,2021/06/07,69.23,332899,69.52,70,68.93
06-08-2021,08-06-2021,06-08-2021,2021/06/08,70.05,407390,69.29,70.27,68.47
06-09-2021,09-06-2021,06-09-2021,2021/06/09,69.96,370897,70.01,70.62,69.46
06-10-2021,10-06-2021,06-10-2021,2021/06/10,70.29,448177,69.76,70.39,68.68
06-11-2021,11-06-2021,06-11-2021,2021/06/11,70.91,519748,70.1,71.24,69.68
06/14/2021,14-06-2021,06/14/2021,2021/06/14,70.88,301853,70.65,71.78,70.65
06/15/2021,15-06-2021,06/15/2021,2021/06/15,72.12,307717,71.16,72.49,70.81
06/16/2021,16-06-2021,06/16/2021,2021/06/16,72.15,395326,72.45,72.99,71.61
06/17/2021,17-06-2021,06/17/2021,2021/06/17,71.04,354213,71.65,72.3,69.77
06/18/2021,18-06-2021,06/18/2021,2021/06/18,71.64,120976,71.1,72.17,70.16
06/21/2021,21-06-2021,06/21/2021,2021/06/21,73.66,84703,71.52,73.96,71.15
06/22/2021,22-06-2021,06/22/2021,2021/06/22,73.06,18977,73.41,73.95,72.94
06/23/2021,23-06-2021,06/23/2021,2021/06/23,73.08,408067,72.91,74.25,72.82
06/24/2021,24-06-2021,06/24/2021,2021/06/24,73.3,323860,73.28,73.61,72.32
06/25/2021,25-06-2021,06/25/2021,2021/06/25,74.05,345181,73.32,74.18,72.85
06/28/2021,28-06-2021,06/28/2021,2021/06/28,72.91,339373,73.99,74.45,72.62
06/29/2021,29-06-2021,06/29/2021,2021/06/29,72.98,309029,72.78,73.81,71.97
06/30/2021,30-06-2021,06/30/2021,2021/06/30,73.47,367750,73.47,74.14,72.82
07-01-2021,01-07-2021,07-01-2021,2021/07/01,75.23,595858,73.5,76.22,73.39
07-02-2021,02-07-2021,07-02-2021,2021/07/02,75.16,355423,75.02,75.62,74.41
07-06-2021,06-07-2021,07-06-2021,2021/07/06,73.37,688574,75.35,76.98,72.94
07-07-2021,07-07-2021,07-07-2021,2021/07/07,72.2,580622,73.85,74.86,71.07
07-08-2021,08-07-2021,07-08-2021,2021/07/08,72.94,495822,72.17,73.26,70.76
07-09-2021,09-07-2021,07-09-2021,2021/07/09,74.56,389867,73.26,74.76,72.72
07-12-2021,12-07-2021,07-12-2021,2021/07/12,74.1,360813,74.74,74.93,73.16
07/13/2021,13-07-2021,07/13/2021,2021/07/13,75.25,412564,74.18,75.52,73.68
07/14/2021,14-07-2021,07/14/2021,2021/07/14,73.13,487678,75.17,75.44,72.21
07/15/2021,15-07-2021,07/15/2021,2021/07/15,71.65,339262,72.96,72.96,71.4
07/16/2021,16-07-2021,07/16/2021,2021/07/16,71.81,113310,71.48,72.3,70.41
07/19/2021,19-07-2021,07/19/2021,2021/07/19,66.42,52689,71.49,71.67,65.63
07/20/2021,20-07-2021,07/20/2021,2021/07/20,67.42,16731,66.6,67.65,65.21
07/21/2021,21-07-2021,07/21/2021,2021/07/21,70.3,484311,66.45,70.51,66.44
07/22/2021,22-07-2021,07/22/2021,2021/07/22,71.91,417966,70.22,72.03,69.86
07/23/2021,23-07-2021,07/23/2021,2021/07/23,72.07,257102,71.71,72.21,71.39
07/26/2021,26-07-2021,07/26/2021,2021/07/26,71.91,355819,72.18,72.43,70.56
07/27/2021,27-07-2021,07/27/2021,2021/07/27,71.65,320109,72.22,72.33,71.08
07/28/2021,28-07-2021,07/28/2021,2021/07/28,72.39,304828,71.9,72.6,71.7
07/29/2021,29-07-2021,07/29/2021,2021/07/29,73.62,278856,72.4,73.68,72.26
07/30/2021,30-07-2021,07/30/2021,2021/07/30,73.95,283342,73.41,74.23,72.93
08-02-2021,02-08-2021,08-02-2021,2021/08/02,71.26,429120,73.91,73.95,70.55
08-03-2021,03-08-2021,08-03-2021,2021/08/03,70.56,486786,71.52,71.96,69.19
08-04-2021,04-08-2021,08-04-2021,2021/08/04,68.15,557749,70.32,70.81,67.85
08-05-2021,05-08-2021,08-05-2021,2021/08/05,69.09,397456,68.06,69.35,67.61
08-06-2021,06-08-2021,08-06-2021,2021/08/06,68.28,497049,69.14,70.18,67.8
08-09-2021,09-08-2021,08-09-2021,2021/08/09,66.48,558082,67.88,67.9,65.15
08-10-2021,10-08-2021,08-10-2021,2021/08/10,68.29,421649,66.85,68.9,66.56
08-11-2021,11-08-2021,08-11-2021,2021/08/11,69.25,479692,68.51,69.45,66.67
08-12-2021,12-08-2021,08-12-2021,2021/08/12,69.09,316001,69.36,69.62,68.46
08/13/2021,13-08-2021,08/13/2021,2021/08/13,68.44,250887,68.91,69.22,67.77
08/16/2021,16-08-2021,08/16/2021,2021/08/16,67.29,310196,67.71,68.27,65.73
08/17/2021,17-08-2021,08/17/2021,2021/08/17,66.59,218404,67.43,67.72,66.33
08/18/2021,18-08-2021,08/18/2021,2021/08/18,65.46,100783,66.58,67.48,64.34
08/19/2021,19-08-2021,08/19/2021,2021/08/19,63.69,50937,64.58,64.76,62.63
08/20/2021,20-08-2021,08/20/2021,2021/08/20,62.32,20071,64.05,64.1,62.11
08/23/2021,23-08-2021,08/23/2021,2021/08/23,65.64,381167,61.96,66,61.74
08/24/2021,24-08-2021,08/24/2021,2021/08/24,67.54,321805,65.54,67.8,65.41
08/25/2021,25-08-2021,08/25/2021,2021/08/25,68.36,340791,67.63,68.54,66.92
08/26/2021,26-08-2021,08/26/2021,2021/08/26,67.42,330284,68,68.31,67.02
08/27/2021,27-08-2021,08/27/2021,2021/08/27,68.74,305563,67.75,69.05,67.52
08/30/2021,30-08-2021,08/30/2021,2021/08/30,69.21,346705,69.3,69.64,67.67
08/31/2021,31-08-2021,08/31/2021,2021/08/31,68.5,302301,69.18,69.34,68.16
09-01-2021,01-09-2021,09-01-2021,2021/09/01,68.59,376119,68.55,68.69,68.17
09-02-2021,02-09-2021,09-02-2021,2021/09/02,69.99,380927,68.29,70.61,67.84
09-03-2021,03-09-2021,09-03-2021,2021/09/03,69.29,294675,69.76,70.53,69.05
09-07-2021,07-09-2021,09-07-2021,2021/09/07,68.35,464757,69.11,69.48,67.64
09-08-2021,08-09-2021,09-08-2021,2021/09/08,69.3,356036,68.37,69.75,68.31
09-09-2021,09-09-2021,09-09-2021,2021/09/09,68.14,527656,69.36,69.89,67.56
09-10-2021,10-09-2021,09-10-2021,2021/09/10,69.72,382399,67.97,69.96,67.68
09/13/2021,13-09-2021,09/13/2021,2021/09/13,70.45,347296,69.74,70.97,69.51
09/14/2021,14-09-2021,09/14/2021,2021/09/14,70.46,373449,70.64,71.22,69.98
09/15/2021,15-09-2021,09/15/2021,2021/09/15,72.61,391304,70.76,73.14,70.65
09/16/2021,16-09-2021,09/16/2021,2021/09/16,72.57,271543,72.65,72.99,71.53
09/17/2021,17-09-2021,09/17/2021,2021/09/17,71.97,104011,72.62,72.72,71.21
09/20/2021,20-09-2021,09/20/2021,2021/09/20,70.29,49307,71.92,72.08,69.86
09/21/2021,21-09-2021,09/21/2021,2021/09/21,70.56,27466,70.59,71.63,69.67
09/22/2021,22-09-2021,09/22/2021,2021/09/22,72.23,366304,70.85,72.3,70.64
09/23/2021,23-09-2021,09/23/2021,2021/09/23,73.3,389586,71.97,73.5,71.61
09/24/2021,24-09-2021,09/24/2021,2021/09/24,73.98,336445,73.24,74.27,72.81
09/27/2021,27-09-2021,09/27/2021,2021/09/27,75.45,400276,74.19,75.75,74.16
09/28/2021,28-09-2021,09/28/2021,2021/09/28,75.29,456945,75.43,76.67,74.24
09/29/2021,29-09-2021,09/29/2021,2021/09/29,74.83,408452,74.38,75.79,73.74
09/30/2021,30-09-2021,09/30/2021,2021/09/30,75.03,566200,74.78,76.07,74.53
10-01-2021,01-10-2021,10-01-2021,2021/10/01,75.88,366613,75.12,75.99,74.23
10-04-2021,04-10-2021,10-04-2021,2021/10/04,77.62,434907,75.9,78.38,75.32
10-05-2021,05-10-2021,10-05-2021,2021/10/05,78.93,421795,77.58,79.48,77.47
10-06-2021,06-10-2021,10-06-2021,2021/10/06,77.43,442865,79.04,79.78,76.83
10-07-2021,07-10-2021,10-07-2021,2021/10/07,78.3,512312,77,78.89,74.96
10-08-2021,08-10-2021,10-08-2021,2021/10/08,79.35,617865,78.86,80.11,78.63
10-11-2021,11-10-2021,10-11-2021,2021/10/11,80.52,616208,79.59,82.18,79.55
10-12-2021,12-10-2021,10-12-2021,2021/10/12,80.64,563724,80.5,81.62,79.47
10/13/2021,13-10-2021,10/13/2021,2021/10/13,80.44,446933,80.58,81.04,79.42
10/14/2021,14-10-2021,10/14/2021,2021/10/14,81.31,377617,80.59,81.54,80.38
10/15/2021,15-10-2021,10/15/2021,2021/10/15,82.28,244384,81.48,82.66,81.39
10/18/2021,18-10-2021,10/18/2021,2021/10/18,82.44,112683,82.6,83.87,81.84
10/19/2021,19-10-2021,10/19/2021,2021/10/19,82.96,51571,82.37,83.74,81.8
10/20/2021,20-10-2021,10/20/2021,2021/10/20,83.87,20021,83.34,84.25,81.3
10/21/2021,21-10-2021,10/21/2021,2021/10/21,82.5,550857,83.58,83.96,80.79
10/22/2021,22-10-2021,10/22/2021,2021/10/22,83.76,449253,82.61,84.22,81.76
10/25/2021,25-10-2021,10/25/2021,2021/10/25,83.71,552769,83.98,85.41,83.39
10/26/2021,26-10-2021,10/26/2021,2021/10/26,84.65,450497,83.72,84.88,82.97
10/27/2021,27-10-2021,10/27/2021,2021/10/27,82.66,514578,84.39,84.51,82.01
10/28/2021,28-10-2021,10/28/2021,2021/10/28,82.81,465907,82.25,83.21,80.58
10/29/2021,29-10-2021,10/29/2021,2021/10/29,83.57,480154,83.09,83.74,81.41
11-01-2021,01-11-2021,11-01-2021,2021/11/01,84.05,391380,83.36,84.88,82.74
11-02-2021,02-11-2021,11-02-2021,2021/11/02,83.91,406851,83.87,84.41,82.92
11-03-2021,03-11-2021,11-03-2021,2021/11/03,80.86,521441,83.07,83.08,79.69
11-04-2021,04-11-2021,11-04-2021,2021/11/04,78.81,679979,80.18,83.42,78.25
11-05-2021,05-11-2021,11-05-2021,2021/11/05,81.27,495564,79.37,81.8,78.96
11-08-2021,08-11-2021,11-08-2021,2021/11/08,81.93,362989,81.13,82.67,81.05
11-09-2021,09-11-2021,11-09-2021,2021/11/09,84.15,469906,82.16,84.63,81.78
11-10-2021,10-11-2021,11-10-2021,2021/11/10,81.34,517666,84.53,84.97,80.81
11-11-2021,11-11-2021,11-11-2021,2021/11/11,81.59,438940,81.41,82.33,80.2
11-12-2021,12-11-2021,11-12-2021,2021/11/12,80.79,366085,81.21,81.62,79.78
11/15/2021,15-11-2021,11/15/2021,2021/11/15,80.88,315309,80.66,81.2,79.3
11/16/2021,16-11-2021,11/16/2021,2021/11/16,80.76,298561,80.93,81.81,80.03
11/17/2021,17-11-2021,11/17/2021,2021/11/17,78.36,151244,80.54,80.69,77.69
11/18/2021,18-11-2021,11/18/2021,2021/11/18,79.01,45129,78.34,79.36,77.08
11/19/2021,19-11-2021,11/19/2021,2021/11/19,76.1,21558,78.76,79.92,75.37
11/22/2021,22-11-2021,11/22/2021,2021/11/22,76.75,450842,75.75,76.88,76.12
11/23/2021,23-11-2021,11/23/2021,2021/11/23,78.5,487578,76.46,78.86,75.3
11/24/2021,24-11-2021,11/24/2021,2021/11/24,78.39,312443,78.48,78.95,78.12
11/26/2021,26-11-2021,11/26/2021,2021/11/26,68.15,825163,78.34,78.65,67.4
11/29/2021,29-11-2021,11/29/2021,2021/11/29,69.95,654128,69.23,70.07,69.02
11/30/2021,30-11-2021,11/30/2021,2021/11/30,66.18,695141,70.04,71.22,64.43
12-01-2021,01-12-2021,12-01-2021,2021/12/01,65.57,577281,67.01,69.49,64.84
12-02-2021,02-12-2021,12-02-2021,2021/12/02,66.5,647830,65.63,67.49,66.53
12-03-2021,03-12-2021,12-03-2021,2021/12/03,66.26,429169,67.5,69.22,65.6
12-06-2021,06-12-2021,12-06-2021,2021/12/06,69.49,381415,67.02,70.15,66.72
12-07-2021,07-12-2021,12-07-2021,2021/12/07,72.05,455978,69.72,73.03,69.52
12-08-2021,08-12-2021,12-08-2021,2021/12/08,72.36,433777,71.86,73,71.48
12-09-2021,09-12-2021,12-09-2021,2021/12/09,70.94,358015,72.52,73.34,70.39
12-10-2021,10-12-2021,12-10-2021,2021/12/10,71.67,359324,70.68,72.33,70.32
12/13/2021,13-12-2021,12/13/2021,2021/12/13,71.29,362043,72.04,73,70.71
12/14/2021,14-12-2021,12/14/2021,2021/12/14,70.73,330236,71.12,72.03,69.51
12/15/2021,15-12-2021,12/15/2021,2021/12/15,70.87,271593,70.35,71.66,69.39
12/16/2021,16-12-2021,12/16/2021,2021/12/16,72.38,121440,71.48,72.99,71.03
12/17/2021,17-12-2021,12/17/2021,2021/12/17,70.86,55248,71.92,72.26,69.89
12/20/2021,20-12-2021,12/20/2021,2021/12/20,68.23,20838,70.07,70.07,66.04
12/21/2021,21-12-2021,12/21/2021,2021/12/21,71.12,343262,69.21,71.55,68.56
12/22/2021,22-12-2021,12/22/2021,2021/12/22,72.76,295571,71.27,73.16,70.8
12/23/2021,23-12-2021,12/23/2021,2021/12/23,73.79,253529,73.03,73.95,72.27
12/27/2021,27-12-2021,12/27/2021,2021/12/27,75.57,253684,73.38,76.09,72.57
12/28/2021,28-12-2021,12/28/2021,2021/12/28,75.98,239539,75.97,76.92,75.53
12/29/2021,29-12-2021,12/29/2021,2021/12/29,76.56,271934,76.04,77.37,75.36
12/30/2021,30-12-2021,12/30/2021,2021/12/30,76.99,219634,76.58,77.44,75.78
12/31/2021,31-12-2021,12/31/2021,2021/12/31,75.21,220573,76.66,77.08,74.95
01-03-2022,03-01-2022,01-03-2022,2022/01/03,76.08,299734,75.69,76.46,74.27
01-04-2022,04-01-2022,01-04-2022,2022/01/04,76.99,354487,76.02,77.64,75.7
01-05-2022,05-01-2022,01-05-2022,2022/01/05,77.85,379035,77.18,78.58,76.51
01-06-2022,06-01-2022,01-06-2022,2022/01/06,79.46,457889,77.24,80.24,76.73
01-07-2022,07-01-2022,01-07-2022,2022/01/07,78.9,383363,79.62,80.47,78.52
01-10-2022,10-01-2022,01-10-2022,2022/01/10,78.23,356260,78.88,79.45,77.83
01-11-2022,11-01-2022,01-11-2022,2022/01/11,81.22,442359,78.42,81.59,78.36
01-12-2022,12-01-2022,01-12-2022,2022/01/12,82.64,385040,81.38,83.1,81.17
01/13/2022,13-01-2022,01/13/2022,2022/01/13,82.12,326008,82.82,82.94,81.39
01/14/2022,14-01-2022,01/14/2022,2022/01/14,83.82,338268,81.73,84.45,81.58
01/18/2022,18-01-2022,01/18/2022,2022/01/18,85.43,140652,84.32,86.63,83.5
01/19/2022,19-01-2022,01/19/2022,2022/01/19,86.96,74583,86.61,87.91,85.77
01/20/2022,20-01-2022,01/20/2022,2022/01/20,86.9,17184,86.23,87.82,86.14
01/21/2022,21-01-2022,01/21/2022,2022/01/21,85.14,488219,84.57,85.56,82.78
01/24/2022,24-01-2022,01/24/2022,2022/01/24,83.31,495716,84.91,86.09,81.9
01/25/2022,25-01-2022,01/25/2022,2022/01/25,85.6,492368,84.15,85.71,82.99
01/26/2022,26-01-2022,01/26/2022,2022/01/26,87.35,442128,85.26,87.95,85.01
01/27/2022,27-01-2022,01/27/2022,2022/01/27,86.61,411978,87.15,88.54,86.2
01/28/2022,28-01-2022,01/28/2022,2022/01/28,86.82,419868,87.5,88.84,86.44
01/31/2022,31-01-2022,01/31/2022,2022/01/31,88.15,335056,87.45,88.39,86.34
02-01-2022,01-02-2022,02-01-2022,2022/02/01,88.2,354875,88.15,88.87,86.55
02-02-2022,02-02-2022,02-02-2022,2022/02/02,88.26,432060,88.35,89.72,87.1
02-03-2022,03-02-2022,02-03-2022,2022/02/03,90.27,443424,87.98,90.45,86.75
02-04-2022,04-02-2022,02-04-2022,2022/02/04,92.31,392350,90.19,93.17,90.07
02-07-2022,07-02-2022,02-07-2022,2022/02/07,91.32,463483,91.82,92.73,90.73
02-08-2022,08-02-2022,02-08-2022,2022/02/08,89.36,429214,91.64,91.68,88.51
02-09-2022,09-02-2022,02-09-2022,2022/02/09,89.66,408290,89.86,90.58,88.41
02-10-2022,10-02-2022,02-10-2022,2022/02/10,89.88,455913,90.01,91.74,89.03
02-11-2022,11-02-2022,02-11-2022,2022/02/11,93.1,518340,90,94.28,92.86
02/14/2022,14-02-2022,02/14/2022,2022/02/14,95.46,437005,93.91,95.54,94.5
02/15/2022,15-02-2022,02/15/2022,2022/02/15,92.07,401815,94.83,95.17,90.66
02/16/2022,16-02-2022,02/16/2022,2022/02/16,93.66,361057,92.21,95.01,90
02/17/2022,17-02-2022,02/17/2022,2022/02/17,91.76,188922,90.9,93.36,90.62
02/18/2022,18-02-2022,02/18/2022,2022/02/18,91.07,98808,91.63,92.66,89.03
02/22/2022,22-02-2022,02/22/2022,2022/02/22,92.35,28595,92.31,92.5,92.09
02/23/2022,23-02-2022,02/23/2022,2022/02/23,92.1,428121,91.74,93.9,90.64
02/24/2022,24-02-2022,02/24/2022,2022/02/24,92.81,851002,92.52,98,91.45
02/25/2022,25-02-2022,02/25/2022,2022/02/25,91.59,502277,93.32,92.46,90.06
02/28/2022,28-02-2022,02/28/2022,2022/02/28,95.72,463872,97.7,99.1,94.43
03-01-2022,01-03-2022,03-01-2022,2022/03/01,103.41,674932,96.09,106.78,95.32
03-02-2022,02-03-2022,03-02-2022,2022/03/02,110.6,628163,107.12,112.44,110.5
03-03-2022,03-03-2022,03-03-2022,2022/03/03,107.67,574369,111.33,116.57,106.43
03-04-2022,04-03-2022,03-04-2022,2022/03/04,115.68,472183,107.96,116.02,114.68
03-07-2022,07-03-2022,03-07-2022,2022/03/07,119.4,541864,124.58,127.6,115.54
03-08-2022,08-03-2022,03-08-2022,2022/03/08,123.7,555762,120.67,129.44,117.07
03-09-2022,09-03-2022,03-09-2022,2022/03/09,108.7,566583,109.05,110.76,107.73
03-10-2022,10-03-2022,03-10-2022,2022/03/10,106.02,401484,110.41,114.88,105.53
03-11-2022,11-03-2022,03-11-2022,2022/03/11,109.33,329393,105.99,110.29,104.48
03/14/2022,14-03-2022,03/14/2022,2022/03/14,103.01,312356,109.42,109.16,99.76
03/15/2022,15-03-2022,03/15/2022,2022/03/15,96.44,369225,102.28,102.58,93.53
03/16/2022,16-03-2022,03/16/2022,2022/03/16,95.04,271220,95.23,99.22,94.07
03/17/2022,17-03-2022,03/17/2022,2022/03/17,102.98,184057,95.34,104.24,94.85
03/18/2022,18-03-2022,03/18/2022,2022/03/18,104.7,57288,103.62,106.28,102.3
03/21/2022,21-03-2022,03/21/2022,2022/03/21,112.12,39803,105.13,112.69,104.08
03/22/2022,22-03-2022,03/22/2022,2022/03/22,111.76,16841,112.9,115.01,109.3
03/23/2022,23-03-2022,03/23/2022,2022/03/23,114.93,270946,108.85,115.4,108.38
03/24/2022,24-03-2022,03/24/2022,2022/03/24,112.34,293172,114.47,116.64,110.61
03/25/2022,25-03-2022,03/25/2022,2022/03/25,113.9,299911,111.75,114.12,108.68
03/28/2022,28-03-2022,03/28/2022,2022/03/28,105.96,354375,112.92,111.89,102.83
03/29/2022,29-03-2022,03/29/2022,2022/03/29,104.24,371233,103.47,107.84,98.44
03/30/2022,30-03-2022,03/30/2022,2022/03/30,107.82,266301,105.24,108.75,104.55
03/31/2022,31-03-2022,03/31/2022,2022/03/31,100.28,432263,107.45,107.8,99.66
04-01-2022,01-04-2022,04-01-2022,2022/04/01,99.27,305041,101.23,101.75,97.78
04-04-2022,04-04-2022,04-04-2022,2022/04/04,103.28,269786,98.95,103.94,98.05
04-05-2022,05-04-2022,04-05-2022,2022/04/05,101.96,263168,103.66,105.59,99.88
04-06-2022,06-04-2022,04-06-2022,2022/04/06,96.23,342749,101.24,104.02,95.73
04-07-2022,07-04-2022,04-07-2022,2022/04/07,96.03,326388,97.16,98.82,93.81
04-08-2022,08-04-2022,04-08-2022,2022/04/08,98.26,274803,97.17,98.76,95.29
04-11-2022,11-04-2022,04-11-2022,2022/04/11,94.29,276968,98.4,98.52,92.93
04-12-2022,12-04-2022,04-12-2022,2022/04/12,100.6,293089,95.17,101.35,94.84
04/13/2022,13-04-2022,04/13/2022,2022/04/13,104.25,271093,100.91,104.47,99.87
04/14/2022,14-04-2022,04/14/2022,2022/04/14,106.95,211055,104.2,107.64,102.12
04/18/2022,18-04-2022,04/18/2022,2022/04/18,108.21,49567,107.03,109.81,106
04/19/2022,19-04-2022,04/19/2022,2022/04/19,102.56,39654,107.75,108.92,102.1
04/20/2022,20-04-2022,04/20/2022,2022/04/20,102.75,12340,103.05,104.16,100.7
04/21/2022,21-04-2022,04/21/2022,2022/04/21,103.79,263513,102.5,105.42,102.01
04/22/2022,22-04-2022,04/22/2022,2022/04/22,102.07,231104,104.07,104.22,101.06
04/25/2022,25-04-2022,04/25/2022,2022/04/25,98.54,313420,101.38,101.55,95.28
04/26/2022,26-04-2022,04/26/2022,2022/04/26,101.7,335929,98.64,102.78,97.06
04/27/2022,27-04-2022,04/27/2022,2022/04/27,102.02,263567,101.76,102.99,99.8
04/28/2022,28-04-2022,04/28/2022,2022/04/28,105.36,295001,102.11,105.68,100.13
04/29/2022,29-04-2022,04/29/2022,2022/04/29,104.69,276730,105.17,107.99,103.78
05-02-2022,02-05-2022,05-02-2022,2022/05/02,105.17,246170,104,105.94,100.28
05-03-2022,03-05-2022,05-03-2022,2022/05/03,102.41,224561,105.08,105.8,102.1
05-04-2022,04-05-2022,05-04-2022,2022/05/04,107.81,258895,103.5,108.61,102.95
05-05-2022,05-05-2022,05-05-2022,2022/05/05,108.26,274172,107.58,111.37,106.45
05-06-2022,06-05-2022,05-06-2022,2022/05/06,109.77,262720,108.7,111.18,107.24
05-09-2022,09-05-2022,05-09-2022,2022/05/09,103.09,333300,110.43,110.49,102.13
05-10-2022,10-05-2022,05-10-2022,2022/05/10,99.76,352536,102.65,104.16,98.86
05-11-2022,11-05-2022,05-11-2022,2022/05/11,105.71,343694,99,106.44,98.2
05-12-2022,12-05-2022,05-12-2022,2022/05/12,106.13,290935,105.63,107.37,102.66
05/13/2022,13-05-2022,05/13/2022,2022/05/13,110.49,215051,106.65,110.64,106.29
05/16/2022,16-05-2022,05/16/2022,2022/05/16,114.2,258919,110.98,114.9,108.11
05/17/2022,17-05-2022,05/17/2022,2022/05/17,112.4,227443,113.87,115.56,111.75
05/18/2022,18-05-2022,05/18/2022,2022/05/18,109.59,87719,113.66,115.42,108.46
05/19/2022,19-05-2022,05/19/2022,2022/05/19,112.21,36889,109.09,112.62,105.13
05/20/2022,20-05-2022,05/20/2022,2022/05/20,113.23,12699,111.45,114.04,110.85
05/23/2022,23-05-2022,05/23/2022,2022/05/23,110.29,204150,110.56,111.96,109.15
05/24/2022,24-05-2022,05/24/2022,2022/05/24,109.77,214622,110.41,110.41,109.67
05/25/2022,25-05-2022,05/25/2022,2022/05/25,110.33,179473,110.39,111.68,109.23
05/26/2022,26-05-2022,05/26/2022,2022/05/26,114.09,219909,110.69,114.83,110.27
05/27/2022,27-05-2022,05/27/2022,2022/05/27,115.07,203136,114.2,115.3,112.85
05/31/2022,31-05-2022,05/31/2022,2022/05/31,114.67,423538,114.96,119.98,114.15
06-01-2022,01-06-2022,06-01-2022,2022/06/01,115.26,272725,115.4,117.87,114.58
06-02-2022,02-06-2022,06-02-2022,2022/06/02,116.87,312379,114.8,117.77,111.2
06-03-2022,03-06-2022,06-03-2022,2022/06/03,118.87,225138,117.55,120.46,115.23
06-06-2022,06-06-2022,06-06-2022,2022/06/06,118.5,230393,120.82,120.99,117.63
06-07-2022,07-06-2022,06-07-2022,2022/06/07,119.41,313707,119.1,120.36,117.14
06-08-2022,08-06-2022,06-08-2022,2022/06/08,122.11,306204,119.79,123.18,119.3
06-09-2022,09-06-2022,06-09-2022,2022/06/09,121.51,254996,122.43,122.72,120.79
06-10-2022,10-06-2022,06-10-2022,2022/06/10,120.67,312480,121.46,122.75,118.33
06/13/2022,13-06-2022,06/13/2022,2022/06/13,120.93,333150,120.19,122.25,117.47
06/14/2022,14-06-2022,06/14/2022,2022/06/14,118.93,332250,121.09,119.1,116.62
06/15/2022,15-06-2022,06/15/2022,2022/06/15,115.31,276231,119.07,119.61,114.6
06/16/2022,16-06-2022,06/16/2022,2022/06/16,117.59,145940,115.98,118.08,116.16
06/17/2022,17-06-2022,06/17/2022,2022/06/17,109.56,70358,117.08,118.97,108.25
06/21/2022,21-06-2022,06/21/2022,2022/06/21,110.65,18403,110.58,112.47,108.72
06/22/2022,22-06-2022,06/22/2022,2022/06/22,106.19,416613,109.54,109.76,101.53
06/23/2022,23-06-2022,06/23/2022,2022/06/23,104.27,331213,104.42,107.05,102.32
06/24/2022,24-06-2022,06/24/2022,2022/06/24,107.62,305960,103.99,108.58,103.64
06/27/2022,27-06-2022,06/27/2022,2022/06/27,109.57,268977,107.22,110.54,105.6
06/28/2022,28-06-2022,06/28/2022,2022/06/28,111.76,294630,110.18,112.22,109.62
06/29/2022,29-06-2022,06/29/2022,2022/06/29,109.78,301016,111.86,114.05,109.22
06/30/2022,30-06-2022,06/30/2022,2022/06/30,105.76,342597,109.7,110.45,105.1
07-01-2022,01-07-2022,07-01-2022,2022/07/01,108.43,285493,106.01,109.34,104.56
07-05-2022,05-07-2022,07-05-2022,2022/07/05,99.5,576315,108.8,99.99,99.06
07-06-2022,06-07-2022,07-06-2022,2022/07/06,98.53,429044,100.36,98.88,95.7
07-07-2022,07-07-2022,07-07-2022,2022/07/07,102.73,362930,98.22,104.48,96.57
07-08-2022,08-07-2022,07-08-2022,2022/07/08,104.79,299690,102.22,105.24,101.51
07-11-2022,11-07-2022,07-11-2022,2022/07/11,104.09,298389,104.79,104.57,100.89
07-12-2022,12-07-2022,07-12-2022,2022/07/12,95.84,363513,103.46,103.49,95.35
07/13/2022,13-07-2022,07/13/2022,2022/07/13,96.3,315723,95.89,97.96,93.67
07/14/2022,14-07-2022,07/14/2022,2022/07/14,95.78,349308,96.57,97,90.56
07/15/2022,15-07-2022,07/15/2022,2022/07/15,97.59,215441,96.39,99.03,94.57
07/18/2022,18-07-2022,07/18/2022,2022/07/18,102.6,66376,97.27,102.8,95.85
07/19/2022,19-07-2022,07/19/2022,2022/07/19,104.22,34094,102,104.46,101.18
07/20/2022,20-07-2022,07/20/2022,2022/07/20,102.26,18256,103.6,104.39,101.51
07/21/2022,21-07-2022,07/21/2022,2022/07/21,96.35,305925,99.91,99.99,94.59
07/22/2022,22-07-2022,07/22/2022,2022/07/22,94.7,292996,96.51,97.66,94.5
07/25/2022,25-07-2022,07/25/2022,2022/07/25,96.7,260943,95.1,96.94,94.96
07/26/2022,26-07-2022,07/26/2022,2022/07/26,94.98,291338,96.33,99,94.76
07/27/2022,27-07-2022,07/27/2022,2022/07/27,97.26,309844,95.6,98.59,94.3
07/28/2022,28-07-2022,07/28/2022,2022/07/28,96.42,298715,98.17,99.84,96.04
07/29/2022,29-07-2022,07/29/2022,2022/07/29,98.62,331035,97.3,99,97.98
08-01-2022,01-08-2022,08-01-2022,2022/08/01,93.89,348791,98.46,94.38,93.2
08-02-2022,02-08-2022,08-02-2022,2022/08/02,94.42,306452,93.75,96.47,93.38
08-03-2022,03-08-2022,08-03-2022,2022/08/03,90.66,373564,93.83,96.57,90.38
08-04-2022,04-08-2022,08-04-2022,2022/08/04,88.54,316209,90.95,91.33,87.55
08-05-2022,05-08-2022,08-05-2022,2022/08/05,89.01,311255,88.06,90.76,87.01
08-08-2022,08-08-2022,08-08-2022,2022/08/08,90.76,292550,88.46,90.89,87.22
08-09-2022,09-08-2022,08-09-2022,2022/08/09,90.5,292332,90.69,92.65,89.05
08-10-2022,10-08-2022,08-10-2022,2022/08/10,91.93,339892,90.51,92.43,87.66
08-11-2022,11-08-2022,08-11-2022,2022/08/11,94.34,302809,91.55,95.05,91.24
08-12-2022,12-08-2022,08-12-2022,2022/08/12,92.09,244514,94.09,94.81,91.16
08/15/2022,15-08-2022,08/15/2022,2022/08/15,89.41,255757,91.94,92.1,86.82
08/16/2022,16-08-2022,08/16/2022,2022/08/16,86.53,281963,87.93,90.65,85.73
08/17/2022,17-08-2022,08/17/2022,2022/08/17,88.11,207973,87.1,89.16,85.88
08/18/2022,18-08-2022,08/18/2022,2022/08/18,90.5,65024,87.39,91.46,87.32
08/19/2022,19-08-2022,08/19/2022,2022/08/19,90.77,34249,90.39,92.09,88.38
08/22/2022,22-08-2022,08/22/2022,2022/08/22,90.23,13712,89.65,91.26,86.6
08/23/2022,23-08-2022,08/23/2022,2022/08/23,93.74,272323,90.55,94.22,90.42
08/24/2022,24-08-2022,08/24/2022,2022/08/24,94.89,309259,93.78,95.4,92.79
08/25/2022,25-08-2022,08/25/2022,2022/08/25,92.52,267455,95.35,95.76,92.29
08/26/2022,26-08-2022,08/26/2022,2022/08/26,93.06,271721,93.06,94.02,91.08
08/29/2022,29-08-2022,08/29/2022,2022/08/29,97.01,269210,92.96,97.37,92.29
08/30/2022,30-08-2022,08/30/2022,2022/08/30,91.64,369652,96.9,93.51,90.54
08/31/2022,31-08-2022,08/31/2022,2022/08/31,89.55,327567,92.31,91.15,88.71
09-01-2022,01-09-2022,09-01-2022,2022/09/01,86.61,287536,88.83,89.63,85.98
09-02-2022,02-09-2022,09-02-2022,2022/09/02,86.87,256223,86.56,89.66,86.35
09-06-2022,06-09-2022,09-06-2022,2022/09/06,86.88,392625,86.5,87.3,86.27
09-07-2022,07-09-2022,09-07-2022,2022/09/07,81.94,364766,86.93,83.91,81.5
09-08-2022,08-09-2022,09-08-2022,2022/09/08,83.54,307373,81.91,83.38,82.46
09-09-2022,09-09-2022,09-09-2022,2022/09/09,86.79,265221,82.8,87.2,82.71
09-12-2022,12-09-2022,09-12-2022,2022/09/12,87.78,245965,86.25,88.75,87.36
09/13/2022,13-09-2022,09/13/2022,2022/09/13,87.31,315599,88.09,87.97,86.61
09/14/2022,14-09-2022,09/14/2022,2022/09/14,88.48,296050,87.94,90.19,88.02
09/15/2022,15-09-2022,09/15/2022,2022/09/15,85.1,217557,88.91,85.9,84.75
09/16/2022,16-09-2022,09/16/2022,2022/09/16,85.11,72566,85.16,86.59,84.27
09/19/2022,19-09-2022,09/19/2022,2022/09/19,85.73,34430,85.21,86.22,82.1
09/20/2022,20-09-2022,09/20/2022,2022/09/20,84.45,17105,85.61,84.9,84
09/21/2022,21-09-2022,09/21/2022,2022/09/21,82.94,325553,84.25,84.23,82.49
09/22/2022,22-09-2022,09/22/2022,2022/09/22,83.49,287041,83.07,84.06,82.97
09/23/2022,23-09-2022,09/23/2022,2022/09/23,78.74,316160,83.54,79.45,78.04
09/26/2022,26-09-2022,09/26/2022,2022/09/26,76.71,269230,79.23,77.27,76.25
09/27/2022,27-09-2022,09/27/2022,2022/09/27,78.5,271109,76.47,79.51,77.31
09/28/2022,28-09-2022,09/28/2022,2022/09/28,82.15,310455,78.08,82.34,80
09/29/2022,29-09-2022,09/29/2022,2022/09/29,81.23,269124,81.9,82.94,80.77
09/30/2022,30-09-2022,09/30/2022,2022/09/30,79.49,237146,81.74,79.97,79.39
10-03-2022,03-10-2022,10-03-2022,2022/10/03,83.63,267875,81.02,84.56,81.34
10-04-2022,04-10-2022,10-04-2022,2022/10/04,86.52,281912,83.22,86.98,86.03
10-05-2022,05-10-2022,10-05-2022,2022/10/05,87.76,312995,86.37,88.42,85.42
10-06-2022,06-10-2022,10-06-2022,2022/10/06,88.45,216395,88.08,89.07,87.04
10-07-2022,07-10-2022,10-07-2022,2022/10/07,92.64,385917,88.93,93.31,92.15
10-10-2022,10-10-2022,10-10-2022,2022/10/10,91.13,260430,93.48,93.64,90.54
10-11-2022,11-10-2022,10-11-2022,2022/10/11,89.35,295289,91.14,91.35,87.91
10-12-2022,12-10-2022,10-12-2022,2022/10/12,87.27,303948,88.67,90.07,86.28
10/13/2022,13-10-2022,10/13/2022,2022/10/13,89.11,267171,87.08,89.66,85.56
10/14/2022,14-10-2022,10/14/2022,2022/10/14,85.61,216029,89.27,89.73,85.2
10/17/2022,17-10-2022,10/17/2022,2022/10/17,85.46,143488,85.59,87.12,84.61
10/18/2022,18-10-2022,10/18/2022,2022/10/18,82.82,83685,85.7,86.51,82.09
10/19/2022,19-10-2022,10/19/2022,2022/10/19,85.55,38236,83.69,86.2,82.59
10/20/2022,20-10-2022,10/20/2022,2022/10/20,85.98,12307,85.94,88.17,85.22
10/21/2022,21-10-2022,10/21/2022,2022/10/21,85.14,259938,85.07,85.9,83.15
10/24/2022,24-10-2022,10/24/2022,2022/10/24,84.58,238458,85.24,85.92,82.63
10/25/2022,25-10-2022,10/25/2022,2022/10/25,85.32,226337,84.88,86.03,83.06
10/26/2022,26-10-2022,10/26/2022,2022/10/26,87.91,271474,85.07,88.41,84.14
10/27/2022,27-10-2022,10/27/2022,2022/10/27,88.26,273717,88.26,89.79,87.33
10/28/2022,28-10-2022,10/28/2022,2022/10/28,87.9,241417,88.67,88.76,87.08
